105.06,6.9251,10.156,7.2056,3.323,4.3113,7.2249,14.117,33.878,22.346,2.9369,11.782,1.9791,1
97.368,30.8,17.43,5.4543,20.677,15.938,11.415,19.654,6.842,7.9506,9.6274,9.755,6.599,1
63.124,10.811,11.883,0.7577,7.2581,1.0226,2.6786,5.5429,4.0212,1.3922,3.9719,11.117,13.557,1
177.94,10.162,22.923,6.7758,14.577,7.3555,10.535,4.3735,2.1737,11.476,4.0828,2.5968,6.2882,1
116.65,3.0222,12.497,4.7077,6.9698,5.1604,13.179,8.9483,14.217,5.8366,16.236,11.084,13.478,1
89.502,13.418,7.3608,19.68,5.5051,15.058,1.2267,7.8432,1.4715,3.297,4.4819,18.694,1.4719,1
204.09,26.704,11.597,11.755,12.817,16.588,5.1436,7.2773,16.52,4.1564,12.741,12.998,11.481,1
144.09,0.7919,17.541,10.821,5.4294,4.9534,15.916,11.839,3.9256,23.473,2.7277,11.525,1.7019,1
154.17,6.4442,5.8034,8.1033,11.322,5.2334,9.423,5.4354,9.7725,6.1377,14.538,14.708,10.947,1
186.02,17.801,2.6797,14.315,3.953,6.3511,16.884,3.7234,3.2665,5.3289,20.608,26.25,2.9946,1
99.632,22.215,31.291,3.114,9.18,3.2431,0.96959,21.249,5.794,10.105,18.985,3.5176,9.9126,1
126.66,14.37,4.2155,3.7581,9.6614,4.1534,16.405,21.88,19.249,17.794,8.8507,5.0623,7.5968,1
122.78,1.205,12.647,35.75,8.3141,12.138,28.975,10.57,2.414,24.465,6.964,8.6313,1.9325,1
126.11,7.1312,2.5428,3.2424,28.23,10.809,8.6327,4.2691,8.3857,8.4529,21.49,11.134,1.7893,1
145.71,16.958,5.3932,4.0131,4.8825,3.2082,15.055,0.97056,7.7119,2.1104,14.817,10.205,3.7573,1
115.74,10.31,9.2268,4.0621,18.321,13.812,7.0338,7.8993,11.458,0.98577,0.1433,1.1213,4.805,1
88.778,2.3845,7.0723,11.839,9.571,8.7326,8.0296,7.3539,8.7822,2.8231,1.8482,3.0511,5.3924,1
117.02,2.2569,8.1163,25.22,6.2966,12.035,6.6694,4.9236,10.957,6.8174,6.5374,7.9867,6.5761,1
188.55,9.5621,11.774,1.6227,14.413,4.3794,17.89,9.2564,17.401,1.7802,10.832,18.802,9.9783,1
127.67,12.567,5.2908,6.3243,7.8539,13.767,10.286,3.605,0.31963,0.82349,6.2373,0.19907,9.7118,1
120.97,9.6242,2.461,0.0174,4.2589,13.368,0.73859,10.474,2.7967,29.306,17.434,0.17847,13.18,1
89.345,15.849,3.5282,4.7052,8.4609,12.487,19.317,20.325,1.4797,9.4505,9.1084,4.2312,0.092299,1
130.14,7.3709,1.2168,5.8485,3.3715,9.4186,24.074,13.468,12.171,2.0628,2.9798,3.8386,6.7854,1
83.489,14.204,15.776,21.854,12.567,7.7067,10.444,9.4821,1.9561,15.03,10.636,0.40372,3.4865,1
118.94,4.8009,4.6029,4.1678,6.7108,17.934,8.3103,4.087,6.6215,5.1258,3.1391,12.764,0.72042,1
112.04,9.4968,1.2623,12.09,4.2215,3.1978,2.4973,18.046,7.9723,20.054,6.0873,5.2643,3.9623,1
56.6,5.5974,5.3385,7.2357,2.161,5.2458,4.262,3.548,1.4821,5.5117,6.4312,2.9993,0.34428,1
70.647,0.76358,12.711,4.1022,9.1968,15.727,2.0851,6.0125,1.4184,5.6811,1.8043,0.80484,4.8873,1
101.44,31.567,9.4966,0.41621,4.6195,2.783,26.267,6.7711,11.317,24.725,7.9066,5.5194,27.508,1
120.2,24.277,19.773,2.3709,17.855,8.592,1.045,5.7708,26.29,10.841,6.9128,3.3347,3.3773,1
147.92,18.784,3.0232,2.6877,18.094,12.499,14.678,10.712,4.4877,13.282,28.804,0.1986,8.9602,1
115.56,17.777,11.638,4.3414,1.9761,27.221,17.194,10.844,10.56,5.8797,9.922,15.338,16.87,1
97.851,13.033,7.0442,8.7841,18.582,28.433,4.1018,3.185,1.5211,13.793,13.243,17.353,9.8952,1
199.64,21.856,18.902,1.7285,1.3253,30.256,10.106,0.33203,13.562,7.0295,23.07,2.2737,3.7489,1
184.25,5.6583,2.3816,16.914,6.3175,40.897,8.9928,9.505,22.37,22.469,27.736,0.87217,0.50943,1
157.37,4.5941,17.984,21.047,18.95,9.6698,2.3675,29.214,11.743,12.897,3.6795,13.5,7.1625,1
150.64,17.018,19.313,11.9,3.913,0.43293,19.321,22.011,8.344,5.0664,16.509,10.857,12.214,1
88.722,1.4967,4.1022,0.5515,2.0264,20.899,14.187,14.555,2.3135,9.5893,32.312,10.609,1.6178,1
202.8,9.2539,5.6625,13.582,3.3573,2.4847,6.2542,5.0104,30.108,24.635,26.548,30.979,5.9981,1
117.84,38.959,0.88986,22.706,41.372,9.7477,1.5927,5.4106,20.691,0.9476,6.1363,7.3161,21.665,1
96.568,10.261,23.291,19.794,12.588,14.025,6.004,22.865,1.3808,27.656,20.813,11.903,7.8356,1
111.19,1.9157,1.8565,18.163,21.734,25.227,0.60392,4.0139,0.99416,17.918,1.1762,21.776,5.2321,1
121.52,5.3294,13.616,0.27861,11.368,1.2231,10.754,11.904,12.101,25.81,13.576,8.2103,2.7613,1
106.56,19.464,12.338,1.8333,32.309,41.913,6.8488,22.04,15.509,14.917,0.8502,14.054,1.0094,1
176.51,15.348,9.1772,10.444,5.5918,4.1979,7.6926,15.57,17.43,9.6271,4.6574,12.62,2.3779,1
150.54,4.5114,6.0284,18.943,7.2979,16.241,12.895,1.1353,0.86485,1.6599,2.9827,10.406,10.118,1
128.6,39.175,7.4115,1.0928,26.016,32.686,27.821,12.857,9.5782,9.8768,2.1098,8.6295,3.4582,1
366.98,43.078,14.299,4.2023,12.232,20.687,9.5903,0.49254,3.254,4.299,12.546,24.677,0.65095,1
111.98,3.6925,5.054,19.677,7.0294,1.3721,11.81,9.5291,2.7189,14.419,0.4035,13.108,13.599,1
0.42199,2.2507,2.851,4.9692,8.5215,6.8312,4.1132,1.9917,2.9582,7.173,0.86193,1.888,1.5677,1
7.1412,0.51154,0.0010127,0.27057,5.051,1.1105,3.1941,11.119,2.3901,2.8507,1.9588,0.91341,3.5554,1
15.265,1.0032,1.3155,6.0142,3.0594,3.0725,8.6824,0.63591,4.0646,1.2659,10.427,6.8948,0.69684,1
1.347,5.5559,5.5393,3.7126,3.725,4.9264,7.0278,1.2481,2.8526,4.3883,9.6833,5.9024,5.1341,1
2.1215,1.6472,1.8699,5.3103,2.9091,2.5634,5.3586,13.013,3.7921,3.5723,0.56182,0.83533,0.035431,1
3.2245,2.2284,3.031,5.0594,7.5236,10.656,4.6986,4.1084,1.8892,0.98744,1.8149,1.5579,4.5918,1
5.0703,0.71365,5.2965,4.2314,2.7978,4.6385,3.0762,3.5796,0.80836,6.8089,0.61759,8.2464,2.8677,1
59.205,10.203,25.055,7.1433,19.039,14.163,11.676,11.046,8.344,0.34584,11.936,2.0225,0.96198,1
127.9,5.314,1.3942,0.37026,3.3757,11.88,6.5282,10.868,19.238,20.27,29.078,2.3129,7.852,1
105.98,5.1156,12.531,32.589,39.085,1.8418,2.8517,17.194,8.4878,17.098,6.046,7.0784,3.9954,1
162.15,2.1897,2.4088,7.2013,6.847,15.02,3.243,14.49,17.756,6.9771,2.2679,4.994,17.038,1
225.16,26.881,3.4314,0.9457,6.3834,9.218,11.843,10.096,0.50144,8.2747,18.988,30.579,0.72672,1
76.658,19.565,10.144,0.5067,12.491,0.98686,18.088,8.572,6.1074,2.5998,1.7012,7.2881,2.282,1
83.516,24.15,7.4549,10.466,3.3714,19.244,14.982,8.8207,2.8157,7.318,1.6238,8.2151,18.837,1
78.857,6.7133,10.919,10.724,2.7712,3.8381,6.7179,3.1545,12.56,4.9182,6.2166,10.851,12.124,1
80.544,4.8713,12.06,8.4611,10.982,1.2616,6.1163,5.9882,6.6733,7.1591,12.224,12.967,2.6471,1
134.44,4.4136,9.3186,19.524,5.7728,6.8653,16.056,22.244,15.159,5.9767,8.5297,1.1219,13.183,1
93.635,4.6139,8.0576,7.0187,6.8319,5.1133,0.88788,0.59713,1.9502,9.333,5.0543,12.044,2.1992,1
80.498,38.631,5.2903,1.1725,16.793,1.5335,14.845,6.104,10.561,1.5022,3.771,7.5987,4.4626,1
108.41,7.5128,14.049,6.0763,4.7337,10.143,19.552,1.2929,3.9481,8.9139,6.9469,5.4154,7.5446,1
70.246,21.206,13.447,30.673,19.003,20.84,6.4937,12.584,3.7043,0.75095,0.83799,17.703,0.30985,1
59.567,5.2009,13.599,7.8891,9.2234,5.6923,15.096,7.0528,5.2512,13.44,11.544,5.4889,5.9038,1
94.551,10.569,2.7932,4.0476,5.8487,1.38,2.4145,11.086,14.004,8.2286,10.067,5.2908,5.653,1
80.964,14.198,0.97193,9.1153,8.3236,11.636,17.173,17.561,14.94,4.6805,0.55306,1.6872,14.912,1
101.14,5.9675,2.4296,7.904,11.77,24.727,3.7604,4.2327,4.5485,11.031,0.82163,20.455,5.8434,1
84.151,11.105,6.4964,16.603,6.6574,2.9446,9.1452,6.1433,1.604,18.098,10.529,22.077,8.6477,1
187.15,14.075,7.9268,10.433,25.541,12.574,18.321,26.858,6.2116,1.5652,15.419,5.7661,10.678,1
139.47,33.127,18.849,35.121,19.66,9.8092,15.832,1.5093,1.4521,3.421,13.888,20.431,9.8776,1
111.04,2.9855,2.8974,28.468,38.176,11.436,10.129,14.392,11.267,13.014,3.0684,7.1416,7.7041,1
144.22,5.2141,2.9796,12.951,8.7594,0.22829,13.149,4.9954,14.026,10.169,6.9286,15.092,10.752,1
87.997,9.2271,8.8356,8.834,11.768,7.1493,8.9012,16.355,19.13,4.7434,15.908,4.0565,2.1795,1
130.32,23.692,26.988,23.088,16.5,17.112,5.1788,23.486,7.5293,11.683,12.047,2.4082,16.326,1
48.9,3.4367,4.1851,0.85854,4.9362,8.9307,12.831,8.5721,4.9636,11.752,10.895,10.793,12.922,1
79.501,5.8106,5.8288,0.93059,16.359,11.732,0.29174,6.226,7.8342,10.565,7.9415,4.7243,0.32509,1
113.64,8.6315,16.481,26.406,6.7888,12.212,5.1481,4.1403,1.9292,22.729,9.4478,1.9407,9.3399,1
106.15,4.2186,7.3342,0.50477,20.194,6.6682,5.74,1.9209,15.183,5.3892,16.318,3.5855,4.1212,1
165.81,1.6176,34.503,10.218,1.3819,16.788,1.8599,7.5651,16.688,0.45803,28.713,10.156,8.8692,1
66.265,7.6002,12.542,1.3792,11.265,0.70748,4.3472,7.9028,7.6698,0.77387,8.5094,2.7049,7.5941,1
62.692,8.2171,14.554,2.5533,6.2052,13.245,2.4755,3.8736,1.8422,9.0351,3.7495,3.2342,10.319,1
119.78,9.2006,7.7473,25.152,3.6665,7.8715,22.871,9.3049,19.765,14.832,8.4364,32.694,3.0107,1
141.42,11.33,11.983,12.688,1.2509,11.203,3.5408,9.5914,6.1229,1.9185,6.073,4.3515,18.126,1
80.483,15.607,6.2435,8.1614,13.279,12.456,11.753,4.7755,3.1166,1.9187,7.0554,3.878,1.0776,1
123.86,1.7982,3.2856,17.669,6.268,7.5856,3.4949,4.0138,1.1653,7.664,16.376,1.527,3.5632,1
61.433,12.43,2.3402,2.5675,19.561,6.5417,4.3281,0.50232,8.0151,9.3312,13.462,6.6439,3.8829,1
64.429,9.6949,5.371,16.3,8.7365,9.801,5.9643,9.1427,0.31203,10.897,6.1786,10.355,5.5449,1
72.804,4.0184,22.655,24.774,1.0137,12.488,1.0904,6.2147,2.1117,4.9522,9.5815,15.385,5.2049,1
64.695,6.6122,5.523,2.6998,21.201,0.026345,12.558,2.427,1.8707,20.323,14.543,6.6314,6.2712,1
94.272,1.8479,11.313,5.8138,9.4307,17.863,9.7073,11.413,2.3762,8.9856,15.853,1.5264,6.7071,1
132.04,8.4879,3.478,2.4109,7.8451,8.355,14.139,0.76595,9.9859,3.5702,8.1475,4.1836,9.9089,1
69.271,3.8554,7.812,0.68387,12.003,5.4797,12.529,0.54606,2.6361,0.45069,6.8049,7.0992,7.4855,1
62.431,0.77939,0.82533,3.3438,3.0941,7.3494,2.894,4.084,7.4114,6.1681,6.3231,3.0798,4.5981,1
83.464,13.253,20.502,5.6311,4.9261,11.803,14.841,19.067,2.837,6.5273,1.8942,9.683,0.25682,1
97.526,3.8083,2.047,15.32,3.1549,13.458,4.1947,22.948,1.7107,6.6508,4.1573,15.903,1.4489,1
64.605,16.133,18.545,19.497,6.8847,20.591,1.42,5.2293,4.466,5.3492,4.2541,11.337,2.3848,1
114.29,11.484,9.9821,12.909,3.9889,6.0983,7.1688,5.8152,7.5549,3.3923,1.5639,0.1417,6.9198,1
95.248,0.73653,12.882,11.764,4.5144,5.3663,19.022,11.622,0.7336,7.1364,1.5602,14.806,7.076,1
78.907,18.004,1.2275,14.039,0.60754,9.6499,15.573,22.946,0.97952,14.671,18.021,12.285,0.95166,1
57.253,8.3634,5.3246,7.8966,6.3248,16.616,11.731,0.18614,8.3304,8.1227,2.2982,1.8458,7.0481,1
63.187,5.6407,18.042,24.213,5.3712,19.501,3.2086,15.758,3.5373,11.341,11.225,11.703,2.6406,1
57.461,6.0639,14.263,0.076249,6.2443,4.8993,2.9748,2.7444,0.39011,2.2573,0.42668,0.79042,4.491,1
55.598,4.0773,6.0521,8.78,15.855,6.7998,12.491,0.48133,1.7362,9.8222,0.7763,1.53,8.9574,1
99.355,8.0084,12.737,1.9088,3.2287,9.2386,2.2592,18.96,1.5599,11.178,16.346,1.3,1.363,1
54.821,1.5035,12.166,9.4766,5.7947,5.5331,9.0059,3.7248,2.2553,4.3514,2.4623,6.5905,12.891,1
50.495,1.2718,6.136,1.978,5.4038,3.3818,4.1616,9.8488,3.5758,1.9171,3.675,2.2659,1.8179,1
100.08,2.0025,19.131,14.204,0.18738,13.498,5.9739,7.162,30.187,3.2852,6.2157,2.9249,8.5187,1
72.736,17.072,9.1139,2.7479,1.6523,6.6175,0.82545,6.1989,6.9833,21.527,18.468,13.408,6.0715,1
107.54,13.897,22.74,4.6609,11.617,18.266,8.1678,6.609,11.927,7.3396,3.4605,3.2729,10.082,1
75.842,0.19205,8.6825,22.297,13.665,0.54425,16.401,0.23536,15.842,3.0342,4.3078,6.4541,7.4161,1
86.823,17.34,14.701,1.1681,15.561,18.229,0.72352,12.99,10.775,8.2705,0.28893,14.032,5.2997,1
115.19,5.3461,8.2803,0.80825,4.6635,5.5908,16.313,0.076224,11.652,0.67131,13.033,5.5984,4.0037,1
158.34,18.776,8.04,32.722,8.9751,14.171,19.285,19.77,9.5793,9.1032,6.1487,5.4967,13.616,1
39.854,1.9481,10.8,6.4262,1.4722,12.22,0.93464,18.174,2.8106,3.4296,5.2206,5.463,5.2073,1
104.28,27.116,2.322,15.657,0.18272,3.7029,2.7579,20.418,2.4737,0.79274,5.4707,2.7319,1.925,1
138.12,6.8514,7.9693,2.5565,28.848,12.92,14.945,13.961,19.605,6.3185,2.2772,13.983,6.5436,1
112.84,29.331,0.77803,4.3267,3.9841,0.80097,3.0967,5.4735,7.2889,11.46,18.736,2.9496,10.996,1
122.51,5.7226,2.8942,28.409,15.277,1.0474,2.8474,15.246,6.4719,14.573,8.0122,3.421,1.8394,1
114.41,24.521,7.9412,7.6643,9.0686,3.6139,10.386,3.7874,13.855,5.1735,3.1156,3.6121,3.8894,1
191.47,13.262,10.623,1.6031,1.6158,7.1262,2.329,8.0475,1.7698,1.0777,3.5626,7.6757,8.3378,1
111.29,9.8211,2.1349,2.5375,1.7578,16.415,10.672,3.9042,5.515,7.1669,13.034,5.1202,1.4234,1
104.76,10.997,1.0667,1.8073,13.168,3.3977,1.2705,0.207,8.5044,0.11442,1.655,11.208,6.31,1
162.77,5.246,2.5803,0.66694,7.3692,0.13125,5.6122,15.794,11.248,5.3247,2.3833,5.0156,5.0773,1
96.611,4.1266,1.3869,13.848,1.7937,14.707,5.7733,13.511,10.465,4.6041,5.9956,10.683,14.048,1
75.43,8.2155,15.997,3.1975,2.5633,18.87,4.7344,10.715,0.036914,3.4906,3.1032,3.0388,6.8137,1
108.52,21.383,12.082,16.702,2.0321,2.2821,12.147,5.5595,5.3704,10.324,0.52119,13.966,2.3843,1
157.53,12.222,0.73422,11.995,5.1032,3.4481,8.3786,17.632,7.102,18.877,8.4625,13.429,15.243,1
157.87,27.698,7.3368,4.251,7.8351,26.976,5.4057,4.4953,6.3043,2.151,8.1736,5.6493,5.5803,1
135.6,3.866,1.6182,4.7961,14.029,18.587,3.3182,6.8473,12.777,4.1984,10.274,3.0542,2.2087,1
135.56,6.596,10.401,6.5324,10.667,2.5119,1.8171,9.4426,23.945,3.717,13.832,2.7112,1.5883,1
98.57,1.9056,10.646,6.5907,0.99351,12.974,12.339,5.2367,0.48734,0.85217,5.9997,10.812,1.6999,1
167.84,12.098,12.018,18.291,10.068,7.4023,8.9384,10.667,13.078,6.5692,0.059685,8.9195,10.995,1
178.13,7.1647,7.3393,1.966,3.2766,9.0197,0.67711,8.9283,3.0585,11.705,9.7366,1.457,4.546,1
124.47,7.2751,11.19,23.524,7.7914,10.202,10.468,0.60202,11.845,6.4558,1.9803,19.647,6.1948,1
156.98,6.8763,32.67,6.5485,6.6118,8.2457,0.063649,10.22,12.626,4.979,3.9668,3.9135,8.6628,1
182.43,2.4115,8.5733,12.186,22.089,9.9753,9.07,11.536,18.254,20.4,14.998,0.32839,2.3166,1
163.29,13.416,10.991,11.384,22.568,0.26746,4.1854,12.805,9.5633,20.06,1.7389,3.7683,7.3375,1
187.14,9.3836,4.1765,19.848,2.3285,11.592,15.378,5.7474,0.1141,8.1563,30.456,1.8325,7.2091,1
175.91,11.983,3.8524,18.204,23.23,0.79856,6.2867,14.24,7.1108,8.6481,3.2169,11.574,14.666,1
145.14,30.23,4.4333,12.945,18.655,8.1606,1.6965,2.7736,2.3489,18.735,0.99464,3.6217,7.9717,1
119.23,17.501,39.93,10.327,19.541,1.0193,1.5482,14.381,2.9533,3.0425,7.0389,8.5762,5.8651,1
121.75,11.195,5.3604,9.3332,8.8471,5.4658,3.2648,11.794,4.2032,2.7462,19.303,2.3904,5.2169,1
132.84,8.9636,24.39,30.342,0.071666,15.941,4.3439,3.8592,9.3029,6.1718,6.8018,4.0769,23.644,1
118.16,13.501,22.426,16.457,3.0295,9.6607,4.4132,5.07,3.0042,4.8233,5.2977,7.3668,11.242,1
156.29,10.019,5.1436,20.708,13.775,1.5642,11.58,9.7595,18.603,12.884,2.2676,6.0777,5.6892,1
149.45,13.918,20.903,12.646,0.98035,1.0164,12.397,10.741,3.9769,0.17837,2.7826,9.247,0.76128,1
141.79,12.108,12.379,5.504,6.7761,19.129,5.5189,8.0034,12.316,27.659,9.7962,1.1633,2.8835,1
223.48,22.629,20.611,29.244,7.6289,13.231,9.7335,12.083,6.276,7.7447,8.873,20.37,22.455,1
240.11,12.748,0.69227,13.072,24.831,4.9885,4.2084,2.0101,3.3528,13.186,20.622,14.366,10.369,1
106.09,19.523,8.3391,14.578,8.1622,8.8045,4.6127,8.3719,11.634,7.5032,10.197,3.9109,4.6833,1
167.48,1.1492,23.421,1.704,6.0007,0.19144,10.828,12.83,3.2772,13.51,13.099,18.524,5.5761,1
138.63,32.308,5.511,11.14,26.36,17.661,8.0806,20.403,23.636,5.8502,7.4513,5.2138,14.177,1
164.81,20.68,8.1181,7.6919,3.3759,11.424,16.51,13.401,4.4347,19.299,2.9606,27.005,2.3799,1
122.1,5.5664,27.082,0.5427,14.545,11.459,3.3073,13.247,2.5211,4.1444,8.7607,8.5571,10.969,1
117.63,17.99,3.6647,2.1648,1.8268,4.4466,0.70815,14.564,18.597,13.053,9.803,3.5816,9.7239,1
97.588,13.091,14.535,8.3514,8.3485,3.8881,0.0025846,4.3992,8.7456,11.162,7.475,3.7234,6.0272,1
119.27,7.7584,6.7411,3.8812,7.9061,8.5581,18.544,4.278,0.54169,3.2596,8.7908,2.7279,8.3881,1
127.74,13.358,6.1135,1.9662,4.6658,15.422,4.2404,2.8868,10.57,6.7698,10.864,1.922,0.76469,1
121.54,7.7005,13.4,1.1593,6.9829,2.9686,1.3887,4.9789,0.53588,5.626,3.9631,3.5697,2.0509,1
123.67,0.61897,5.0229,3.5041,8.3744,6.4324,4.2268,10.955,6.0568,5.9063,1.4226,0.8129,2.1643,1
171.57,23.136,14.141,29.915,20.344,4.7513,2.4666,8.7201,9.4525,12.578,8.1855,2.5067,3.287,1
246.42,8.3084,15.093,4.7731,4.8259,0.79309,12.283,4.1337,11.958,14.878,13.145,13.659,1.2638,1
186.15,24.165,9.9067,24.052,18.382,15.151,20.195,1.2294,33.883,35.854,3.2647,3.1256,13.365,1
87.914,22.758,16.507,17.21,6.2067,4.5856,4.5098,14.038,1.4226,1.764,6.1674,5.2741,10.45,1
232.71,1.0389,2.9441,19.533,2.6649,5.1256,2.781,2.8965,13.284,10.075,19.68,7.1185,6.6196,1
179.45,17.907,10.463,20.128,15.021,1.6173,6.8158,6.6428,17.512,1.5186,15.243,13.98,1.1793,1
177.7,19.208,12.57,7.2903,18.004,12.545,16.206,12.729,20.172,0.60288,16.74,4.7715,23.981,1
135.43,20.2,3.9508,6.4015,6.0236,1.4041,16.434,17.881,19.258,8.6987,12.671,9.1785,1.4062,1
151.86,19.086,1.0598,2.2704,4.5671,8.0666,11.247,11.748,8.9834,19.093,6.9486,15.475,1.5637,1
227.25,22.191,11.553,4.8992,21.932,25.696,26.13,23.571,18.902,7.6615,9.6753,41.64,41.08,1
225.41,20.133,29.235,39.349,23.763,0.86738,4.1322,27.889,18.077,22.547,13.288,15.136,32.641,1
106.5,4.7568,4.8382,3.4715,14.086,17.146,12.869,4.6157,16.943,16.434,4.5482,9.8603,2.1698,1
155.73,9.3209,4.4518,17.49,10.569,47.473,1.4805,0.34352,29.104,11.136,21.811,4.9631,6.7874,1
163.41,5.078,2.269,13.825,9.519,29.221,19.854,25.094,27.76,25.947,9.0909,15.192,30.281,1
166.19,11.875,4.3151,2.3173,13.761,10.266,6.0437,11.146,27.531,19.638,7.0146,2.0221,7.5677,1
122.49,7.4565,6.6852,17.048,6.2349,20.039,1.5031,11.831,11.968,17.473,8.7861,8.5785,13.677,1
183.52,18.917,21.499,28.722,11.287,0.17457,5.571,14.603,22.637,0.17573,10.157,9.2806,7.3444,1
150.53,2.8105,9.8109,14.147,12.057,46.966,6.7585,23.32,8.2159,14.471,10.779,24.723,4.5286,1
161.12,1.6737,33.16,19.619,21.716,33.964,2.3839,33.219,6.633,16.719,5.8082,6.4841,6.0728,1
122.24,16.608,15.611,15.769,11.657,22.843,20.455,16.444,9.3249,7.1675,0.95478,0.010627,2.5944,1
324.56,2.2859,14.21,29.522,19.663,27.371,8.0896,11.047,33.803,24.622,8.1628,12.271,1.4399,1
160.11,14.254,0.20504,9.2012,11.549,2.142,17.138,3.5441,30.376,34.849,19.67,21.869,1.5957,1
175.87,4.1245,25.398,41.587,1.5482,28.291,31.511,26.39,1.1795,32.192,22.798,8.3667,21.279,1
121.46,7.7221,2.7576,13.455,2.8147,3.288,11.941,4.1771,7.7324,5.8314,1.0542,6.8523,1.1603,1
118.57,6.5776,1.085,9.4333,3.7765,5.4262,7.7652,8.3533,8.2898,4.9313,4.8567,0.59747,8.1435,1
152.45,1.7198,9.3335,12.449,28.32,14.945,22.543,10.189,12.559,31.93,2.6701,13.643,8.251,1
123.36,11.831,5.7201,19.195,9.847,3.5128,39.488,13.245,1.9444,7.8732,15.259,3.8001,20.623,1
166.94,24.172,13.726,4.5711,2.6384,3.0242,5.483,6.336,4.1332,19.005,3.7625,29.355,3.2452,1
92.49,11.302,1.2795,4.8769,1.1089,2.1413,14.543,3.4818,2.687,1.8832,9.5393,3.5993,0.64434,1
256.06,12.624,31.067,11.861,3.7713,13.296,2.9781,5.6101,6.0503,19.925,3.6306,20.237,17.455,1
129.03,7.4519,10.7,11.112,35.431,17.859,2.4223,15.984,2.6422,0.2428,18.957,1.5326,12.417,1
121.37,2.6281,19.919,11.195,2.6323,10.878,6.1104,7.9048,22.053,11.399,13.679,17.153,14.936,1
124.73,23.963,2.827,16.58,8.254,24.665,3.3488,20.121,23.423,17.852,10.559,0.90691,9.5315,1
161.42,0.28895,2.4977,8.5088,23.63,8.0067,17.992,5.8732,0.8752,10.231,4.0343,5.912,3.575,1
180.47,13.307,18.373,26.803,1.5582,19.669,6.6056,14.209,5.9089,23.053,4.8665,10.918,16.831,1
225.55,18.086,7.5564,0.23008,0.29298,27.51,40.098,6.8793,5.8471,11.98,13.076,41.36,2.6361,1
185.04,10.648,35.262,46.76,16.642,3.9176,9.2714,18.637,23.541,0.33931,1.3296,31.613,11.33,1
115.78,7.4915,16.282,13.168,1.5532,2.8478,2.5115,24.91,6.8916,11.509,13.483,2.8092,9.1654,1
209.85,6.4359,6.146,14.86,7.1501,20.815,15.293,13.428,16.85,20.495,21.359,31.353,3.2964,1
135.5,7.447,5.6425,1.3298,11.455,1.2565,23.364,9.1536,8.0665,7.538,1.4264,3.3974,3.4468,1
134.46,7.2167,0.56408,4.9928,1.8729,10.176,24.141,9.935,6.6403,2.5486,2.5674,8.0041,0.4183,1
103.56,2.3901,4.6198,10.414,8.8001,9.7238,0.33277,5.3118,4.0453,7.9424,3.756,4.0375,18.277,1
174.97,2.6359,7.6125,3.0804,10.93,19.299,16.177,11.15,7.6652,9.0863,3.0185,15.873,5.6668,1
176.9,6.2328,3.6575,15.659,10.278,1.9726,5.6923,6.0765,8.3397,2.8417,4.9661,4.4665,3.6159,1
99.661,7.0151,12.413,0.40136,0.87865,3.2676,5.3452,0.74987,15.284,7.1772,5.2811,3.7318,4.1763,1
123.78,2.7743,5.374,3.5501,2.4043,7.0899,1.0108,12,5.9661,7.0169,8.8471,1.4063,4.2809,1
67.34,8.4525,1.3353,15.003,2.3795,3.9189,2.8518,5.935,7.2435,6.2457,19.485,4.1303,2.0309,1
63.413,15.87,7.6157,2.5809,11.835,3.1467,6.9002,3.7565,0.65895,5.2935,5.9473,5.3979,6.0029,1
116.46,17.923,11.628,20.589,8.2684,5.9815,11.694,14.613,9.8721,17.486,3.3727,6.9461,9.9892,1
202.01,6.3874,0.42009,1.1211,3.6418,3.6545,7.6092,6.7458,9.1945,8.118,34.141,0.3145,3.2279,1
133.6,11.321,7.1892,3.0715,5.1541,14.729,16.519,13.069,1.4047,3.8877,6.572,32.646,30.193,1
117.68,0.074076,12.171,0.5276,8.1038,5.4226,6.7021,19.356,16.707,21.618,7.0146,14.268,0.27482,1
142.52,4.4468,10.881,5.7068,12.119,2.8729,0.53692,5.4645,8.7341,0.38112,7.4435,10.276,5.7955,1
90.065,24.829,3.9532,5.9933,4.1369,8.9174,3.606,5.1649,11.537,4.7096,14.385,7.7363,15.844,1
116.21,12.696,13.082,3.1215,8.2213,11.003,6.3655,25.452,8.5938,4.0651,21.896,9.0535,8.8164,1
82.427,17.425,12.819,3.787,3.3337,2.2448,4.7695,7.6441,10.39,4.9598,18.763,7.6381,4.1924,1
151.87,2.8186,2.3779,8.0549,14.648,0.9583,6.2896,5.4422,0.38176,1.4224,1.5133,5.3683,2.228,1
159.52,5.7142,4.5946,8.7331,3.6494,1.7771,3.7298,2.1569,3.9769,8.5713,8.6352,9.7506,10.075,1
226.03,4.8192,11.473,1.6448,14.781,14.483,8.3947,1.5184,11.502,3.9016,8.6358,15.402,8.0988,1
153.01,2.5724,3.1939,4.881,12.189,2.7348,5.3224,9.7464,11.715,10.147,5.4207,6.3868,12.449,1
128.7,3.5728,5.4578,6.8816,11.92,4.0282,12.67,8.2079,7.351,3.8642,2.5896,8.2936,4.8637,1
77.053,1.1449,16.565,4.8357,10.333,3.6432,17.214,12.851,8.3516,7.0137,12.577,5.3881,14.596,1
119.45,14.481,15.505,11.202,3.8877,17.195,12.887,16.015,40.533,4.9621,5.5818,0.5528,11.406,1
104.9,4.9802,12.201,8.2518,5.8164,1.3045,3.3766,10.748,17.564,21.722,4.0864,15.946,7.0981,1
73.454,0.81876,4.4584,2.8557,7.3525,0.84729,22.635,6.7272,0.1665,0.88711,8.9935,4.253,0.89401,1
96.365,14.597,9.1663,2.9878,3.4443,1.0101,15.124,0.92902,1.5248,2.2412,4.3103,2.9967,2.8362,1
170.47,24.291,5.5126,5.4809,35.227,14.664,6.4763,1.3372,19.686,2.6551,4.3824,5.5382,7.6049,1
71.163,7.2615,4.3891,12.429,15.102,12.208,2.7472,1.7261,19.121,5.8369,4.573,9.7151,4.9326,1
73.177,21.798,15.908,4.9334,6.2061,12.676,0.4202,10.691,10.023,6.625,5.3066,10.707,12.572,1
113.83,1.5822,12.555,10.494,3.2143,3.6375,21.019,27.136,4.8024,4.8993,3.1552,5.3386,5.4298,1
106.62,4.0566,13.914,19.613,3.7366,7.1169,1.9531,9.7465,9.7481,1.1131,14.295,8.4895,3.8925,1
82.366,13.468,9.6206,3.9794,11.063,28.93,7.9642,2.5028,17.756,1.1003,5.5151,7.8187,11.698,1
100.12,8.3463,16.865,10.694,2.3756,3.0734,4.1314,4.1078,6.7793,1.6734,9.5918,24.674,14.307,1
95.983,16.382,8.517,9.6162,14.552,10.345,7.1932,14.343,6.1349,5.34,13.992,3.9733,3.4948,1
193.55,6.4114,12.897,13.426,7.0088,6.7393,15.948,2.9061,31.29,4.8221,1.3038,7.0981,2.708,1
90.303,14.419,24.025,17.215,7.6294,3.741,1.1628,16.648,18.515,22.44,9.5246,3.6869,14.823,1
79.604,10.431,19.266,7.8689,3.7596,10.14,4.0641,5.7758,10.237,0.66657,3.3885,1.0033,6.7671,1
96.34,7.7859,15.595,11.326,17.3,1.384,8.1357,19.918,5.7259,5.3138,6.0029,6.0195,10.343,1
126.26,2.7502,0.49729,5.8476,5.5717,1.7715,2.7964,6.193,1.1837,11.246,0.38145,1.7599,0.36027,1
125.31,6.4526,3.0483,10.35,8.5197,2.1865,11.09,5.6261,11.061,2.3674,12.803,1.815,2.8927,1
115.33,7.6733,3.3167,10.767,10.039,9.9797,5.0959,3.4965,1.4924,3.0012,1.3098,7.7941,1.9684,1
121.93,18.365,8.7913,13.112,7.0145,5.7782,2.4924,3.963,7.77,2.4533,17.479,10.382,1.0389,1
129.65,14.184,1.3957,6.3919,3.0952,2.2456,3.8985,12.474,14.511,5.5778,7.1163,4.5944,6.7546,1
72.618,5.4878,3.9224,6.9647,4.9048,2.9238,6.3718,0.73012,1.8882,4.9581,0.79538,3.0242,6.4889,1
85.535,8.0119,5.2012,2.7672,8.5911,1.5437,6.5413,5.4801,0.37468,5.2084,3.9242,5.5553,2.8842,1
95.818,10.073,7.0901,8.7851,2.5577,8.8272,1.4075,6.7683,8.8603,0.97989,8.04,3.7318,2.9917,1
97.637,3.7847,13.752,9.2407,10.741,7.9369,0.59701,9.0632,3.9755,3.2159,3.1453,4.7337,1.6939,1
119.94,2.4336,0.80424,8.1342,7.5174,8.6118,9.4947,3.3454,0.8483,2.4598,7.4537,2.1801,11.479,1
163.82,4.2509,1.8745,12.619,0.38865,0.57974,20.314,4.1379,7.9462,6.4646,6.1332,6.3944,7.4647,1
108.52,8.456,3.5923,5.2501,24.12,1.3842,0.55541,10.423,5.0064,14.299,8.2997,20.557,5.9184,1
88.211,2.6949,12.778,10.179,6.7021,14.305,3.464,3.3244,4.1027,4.9932,9.6176,4.314,1.955,1
195,14.284,2.8208,12.94,9.2697,9.3046,7.8483,1.2937,3.61,4.1084,0.74326,25.151,13.984,1
107.67,7.2819,6.2773,23.393,2.8348,3.3586,14.621,2.5013,26.164,9.4377,8.4761,1.6737,3.1239,1
215,5.4419,2.6605,3.9599,12.162,18.651,23.033,1.5825,10.651,4.2073,8.1102,50.18,7.1669,1
134.15,8.1025,5.4057,12.439,4.0614,7.2733,4.8614,16.476,7.5711,7.6759,13.135,27.566,3.4934,1
160.67,31.402,6.5114,20.076,12.1,11.622,18.752,27.136,5.5528,8.4856,9.1632,15.983,26.388,1
86.799,8.4654,1.8175,10.741,4.2233,4.172,9.9845,12.746,5.0296,4.815,5.0948,1.7205,0.84509,1
94.212,4.8102,8.7592,24.357,2.7096,9.7873,18.942,22.051,11.249,12.912,9.9442,18.2,4.8381,1
94.872,1.6607,1.5721,10.895,10.553,1.6765,2.6809,7.9082,12.796,16.648,4.8449,4.3995,13.647,1
45.48,7.3817,11.998,3.7625,2.1837,0.74532,5.7109,1.6167,3.8971,3.0527,1.4749,4.4266,2.2179,1
146.21,17.55,36.032,14.492,30.431,2.7368,7.504,19.267,3.6828,20.466,6.4014,11.664,2.4694,1
103.77,10.804,20.213,4.7128,2.0366,9.7918,27.984,15.621,24.828,15.957,1.8875,5.7562,13.733,1
87.821,6.8584,1.9533,17.881,17.215,5.8179,3.3695,2.0048,2.9828,10.135,8.7357,1.4556,0.14441,1
124.01,25.769,9.6657,16.172,8.9134,16.357,21.59,40.818,2.0236,0.95062,10.496,5.4439,6.0898,1
76.455,13.577,3.1272,12.728,12.855,3.2707,9.5075,4.7302,0.21108,2.653,5.4545,4.3515,0.05417,1
87.88,17.784,8.2048,6.035,6.1439,2.8883,13.378,14.225,11.75,7.5932,1.2581,10.538,3.6638,1
101.82,22.747,9.1952,11.16,2.97,3.404,19.757,4.1588,15.996,4.4125,1.9554,2.5546,5.4091,1
156.92,8.5653,4.0406,2.855,1.4806,12.89,2.8805,16.935,5.4312,1.3518,4.4079,13.744,4.7493,1
222.28,16.245,37.452,21.57,13.448,18.006,9.0786,1.9099,2.654,6.6789,11.257,5.2064,15.713,1
146.51,0.96995,13.595,11.117,6.954,2.8407,9.2141,1.9492,16.905,5.6849,14.997,2.7558,7.4726,1
116.96,17.072,3.8645,3.1942,7.6119,24.224,6.4826,12.099,7.8732,5.5881,0.95059,2.3857,10.505,1
145.95,26.336,5.9867,3.3725,1.9541,2.2295,1.6474,14.982,1.0333,20.124,1.4622,15.302,4.3599,1
59.028,14.196,0.88962,5.0296,1.8215,3.5621,5.9017,0.29552,0.24457,3.3927,5.0899,7.7869,0.23391,1
63.834,10.036,11.551,5.0811,1.5793,2.7639,13.095,3.6324,7.5172,1.7501,5.2346,8.5498,5.5901,1
97.128,35.46,0.3589,3.8609,2.0356,3.2619,5.8319,3.9243,0.7243,0.45633,10.292,1.0467,10.12,1
114.63,20.229,8.2973,18.135,6.5068,5.3658,14.681,6.9291,13.04,12.367,5.464,1.8167,19.697,1
154.35,25.122,3.9587,17.421,7.7591,7.9015,7.2412,2.3703,1.7967,22.92,10.11,17.093,21.362,1
103.53,4.5606,1.8271,3.4241,3.1994,7.7939,2.4139,2.4581,6.0947,3.2346,7.4932,3.4977,7.0993,1
71.976,2.4729,3.4683,6.8992,4.2359,8.1691,7.5855,4.9311,7.9832,1.8271,4.2816,12.31,1.9888,1
81.465,1.4118,6.0995,4.217,16.264,6.9731,5.2483,2.435,0.043674,5.6667,2.7909,11.894,8.1415,1
73.11,5.9097,17.576,13.75,0.88054,9.7879,3.6861,0.73417,10.986,12.601,6.6629,12.807,10.761,1
75.843,1.4673,1.211,4.0511,7.8397,8.9104,3.0078,9.0233,2.9615,0.51131,12.471,4.0427,6.4445,1
110.65,1.5144,5.2459,8.6299,5.8503,6.6167,2.0204,0.80999,2.0076,7.6924,1.7679,2.8497,6.6602,1
112.1,6.5162,7.8719,3.4812,1.5418,19.038,0.40374,20.19,23.415,15.559,4.8351,5.3615,20.689,1
120.25,14.017,6.0692,15.155,8.4277,8.6423,3.2208,16.394,8.6335,5.5946,0.7973,10.218,2.0328,1
115.22,3.9854,0.20686,20.103,16.82,2.0183,0.53275,8.9839,7.6446,6.9238,3.9568,6.2814,20.719,1
128.24,13.304,8.4215,2.2298,4.2995,8.0822,3.6858,17.278,1.4009,0.69325,15.2,4.7736,1.5818,1
157.52,11.085,5.9199,4.0026,2.8203,11.636,0.96915,14.766,1.2881,6.7799,4.4234,13.205,1.8531,1
176.44,19.789,20.397,6.8873,4.2893,21.842,6.1515,15.409,3.2581,28.073,5.2662,13.8,3.3827,1
103.61,3.621,12.449,8.6732,1.1241,1.0307,18.337,1.6358,7.2561,3.9885,4.1998,6.5605,19.434,1
122.51,3.1798,5.9681,4.0584,12.231,13.572,23.907,16.807,8.5517,14.507,2.2773,1.2001,4.5493,1
187.69,12.404,3.6023,3.4381,10.716,0.67853,10.418,13.603,25.24,12.358,7.1539,9.0459,15.658,1
87.751,3.1141,0.68574,21.895,1.9945,4.7078,5.7189,3.1419,0.90096,5.5581,0.34413,20.612,10.264,1
137.63,26.163,1.0219,8.239,1.5377,6.5755,14.078,16.327,4.01,4.7767,4.8944,16.628,12.492,1
91.482,2.804,13.951,9.9339,10.723,24.654,3.1442,20.664,24.658,0.77892,0.36301,6.0399,5.7857,1
167.62,7.8654,9.3559,25.105,2.9182,2.2039,6.9895,5.5971,31.325,20.555,6.9747,11.972,6.5782,1
80.585,6.798,4.3764,15.962,5.8919,6.5779,14.687,1.2943,5.7882,1.0241,14.472,1.197,2.3123,1
134.91,2.7295,15.935,12.634,25.009,2.9488,15.105,14.323,3.6577,25.334,2.0082,15.905,1.718,1
110.23,3.165,5.5583,10.079,1.1447,1.0511,14.12,4.1467,30.795,0.94584,20.867,21.635,8.0292,1
88.612,4.9857,9.4312,4.9926,6.1437,6.3203,5.2725,3.0903,10.29,4.376,9.7117,5.085,13.053,1
123.79,21.551,17.54,1.5969,11.385,4.3048,10.039,7.3769,6.6157,24.987,4.7564,11.425,20.352,1
121.31,3.0463,1.5199,3.061,5.0846,1.74,16.136,13.851,11.897,0.72389,11.126,5.5433,13.412,1
66.968,10.54,12.794,32.754,8.5201,13.778,2.3922,15.95,12.358,13.864,6.2179,0.86328,10.115,1
65.124,9.9997,14.459,9.1674,2.7148,10.442,12.423,1.9062,13.237,8.0868,2.82,18.496,6.5172,1
65.63,20.504,27.863,29.484,8.2457,12.404,0.98857,9.722,0.70789,20.382,10.456,6.3042,17.843,1
63.958,8.6669,4.6392,15.521,6.6978,6.2126,0.82675,6.8441,14.235,0.19256,4.2865,2.4477,8.2653,1
134.14,18.482,2.4755,9.5027,2.4554,19.847,13.958,19.315,27.414,10.511,6.7232,13.949,11.093,0
95.544,12.388,14.314,11.386,10.07,10.517,16.171,14.531,13.478,10.524,1.3235,19.62,3.9164,0
98.504,17.963,12.98,17.287,26.405,7.307,12.016,12.102,5.387,3.9117,2.6058,0.76958,10.683,0
147.98,2.839,5.8204,21.236,16.899,4.8957,12.11,14.401,25.785,11.075,9.6708,20.537,10.425,0
136.41,24.503,3.5364,14.361,7.0052,4.4407,3.1976,14.464,3.8474,6.5154,22.136,4.342,13.475,0
147.83,28.239,3.5944,7.4862,3.7685,16.117,5.5377,8.5732,8.3826,7.4592,19.285,24.805,12.184,0
102.78,7.2461,10.175,33.628,1.5031,12.728,11.801,13.592,12.178,8.3474,9.8411,5.4337,3.8171,0
214,2.6969,14.848,0.23518,1.5276,15.982,9.7899,17.296,19.663,6.6954,32.872,7.546,2.1653,0
94.098,5.0793,9.53,14.771,18.253,11.408,19.469,12.579,1.1088,8.0712,0.78715,6.4222,0.72823,0
89.358,3.6992,1.6738,1.9693,20.972,16.699,0.38731,1.1332,6.0286,9.9845,6.5973,1.0023,2.7993,0
123.27,3.2609,15.227,17.404,27.132,0.60562,15.804,1.8676,17.302,11.637,13.812,14.524,28.094,0
80.916,17.768,4.2437,0.85125,0.042188,2.131,15.601,1.3551,13.58,6.3078,0.7771,15.32,1.226,0
136.85,10.497,2.6246,19.443,1.0666,12.018,2.6212,7.7833,15.993,4.6362,15.976,14.235,16.534,0
89.684,7.9942,2.59,0.54203,4.4698,14.033,2.4942,5.31,13.807,10.116,5.3917,2.6515,0.6435,0
87.354,12.052,11.908,7.7098,4.2739,8.6436,9.6348,25.682,4.2218,2.3767,3.7637,6.1241,3.7303,0
125.42,5.4458,8.8867,3.1157,3.0381,16.089,12.985,0.88004,4.9504,3.4584,0.1705,18.812,7.7822,0
146.75,4.6891,9.1343,2.9687,15.013,0.59476,0.12674,2.3109,27.745,18.655,0.70258,6.2187,23.82,0
157.28,5.9268,9.1144,8.0857,25.226,21.034,20.285,0.3781,19.902,18.353,1.1107,22.92,11.399,0
217.2,9.5909,17.798,0.73907,4.841,15.333,25.339,15.984,4.2542,0.83021,17.058,20.263,6.9622,0
90.681,19.122,5.4508,13.857,4.098,18.711,13.147,18.357,9.258,6.5264,6.1322,4.9352,11.437,0
110.2,7.1699,10.418,13.895,1.189,8.887,6.1694,2.5824,6.2429,11.273,0.68141,1.4838,6.4243,0
124.54,2.9053,9.9519,2.1508,11.443,10.413,6.3569,8.0955,11.023,3.4641,11.863,1.2452,3.8887,0
157.47,2.1722,38.417,2.2768,9.0944,12.784,9.1997,1.7392,10.352,10.018,19.352,14.123,10.402,0
131.07,8.7504,8.7845,45.439,10.158,0.18192,1.4405,17.693,8.7576,20.438,5.3881,10.771,19.951,0
126.82,2.297,15.656,17.439,7.0814,24.023,1.549,3.7246,16.807,6.1428,25.133,10.897,7.3676,0
130.46,8.6138,1.0926,7.8944,2.577,15.361,18.164,16.883,5.6182,1.3011,7.5485,8.8996,7.0482,0
96.225,10.228,14.021,27.095,16.233,2.7354,1.6702,2.4982,15.997,10.592,11.101,4.9414,7.4688,0
115.74,11.268,4.7633,13.073,11.146,10.812,16.207,9.8825,9.3134,6.2401,9.5565,6.1225,1.6075,0
127.76,15.244,21.62,18.98,25.525,10.654,11.236,10.807,7.5824,4.9131,15.123,5.0446,0.95265,0
106.83,7.3392,4.4599,6.92,12.587,15.562,5.1246,16.961,13.972,2.7025,9.3941,9.9596,5.8168,0
109.77,0.017348,4.8277,3.6223,15.131,3.7827,6.464,4.0825,20.042,2.1771,3.4805,16.217,9.4426,0
125.94,2.8312,5.8961,3.7198,6.097,5.1348,2.7555,4.3417,5.1269,1.4406,2.2122,5.6041,15.24,0
164.88,14.032,13.35,34.467,0.21559,9.5507,6.4199,3.7667,4.5003,22.299,7.8964,7.0749,19.339,0
98.375,9.6826,2.9581,1.5915,22.958,13.751,10.52,7.3185,0.40932,15.664,5.8427,2.6374,14.21,0
88.696,21.04,17.771,8.6779,29.328,9.4812,0.95929,6.9724,4.3397,6.7374,10.838,3.764,3.9752,0
164.39,14.068,13.822,6.9211,15.719,16.993,11.475,1.9973,20.367,3.6953,0.92695,2.5957,8.2966,0
169.03,27.317,36.53,24.415,0.72691,13.66,9.7099,6.3342,1.5158,4.8576,8.0316,1.893,3.1369,0
158.69,2.4866,17.033,2.852,26.16,9.2312,18.456,15.287,14.543,17.706,2.4313,32.415,12.683,0
168.8,9.6575,4.9159,8.2521,25.437,14.258,3.9195,24.828,27.156,32.306,10.269,0.22357,16.063,0
128.1,4.033,24.069,26.676,11.198,5.0075,15.344,11.981,4.6752,1.8653,7.5763,7.3857,6.4824,0
130.84,2.2802,2.7395,18.611,14.035,0.50339,0.096991,12.67,0.22081,25.296,25.067,2.4244,16.894,0
183.29,30.624,4.9003,6.8,0.18842,17.333,7.8854,4.4321,5.636,29.507,3.762,1.4588,7.2856,0
136.93,6.5451,2.3837,6.4678,5.5889,10.913,14.328,3.7432,3.4349,10.405,2.5573,8.4374,7.7595,0
150.89,6.8504,2.9895,3.2122,0.50244,5.4128,3.3282,6.738,7.5836,1.0164,8.3231,13.938,18.747,0
115.73,4.2635,14.766,16.802,8.3656,12.233,22.043,5.1125,19.187,2.0018,0.53919,11.279,14.719,0
200.79,7.3907,7.9036,2.8084,35.454,11.303,32.281,15.393,2.8536,25.863,2.4261,17.443,11.504,0
111,4.0182,24.192,9.8062,26.137,1.5486,44.828,5.4666,3.5636,5.3882,7.8617,15.634,8.6894,0
124.46,4.5965,3.6916,18.951,8.8977,12.735,21.585,20.407,9.8567,18.306,12.521,0.38726,14.386,0
157.53,4.0712,7.8895,2.1756,15.035,1.8216,8.0642,3.1329,16.198,15.842,10.389,20.063,12.686,0
165.77,5.3016,17.039,9.2715,7.2054,1.8278,5.2518,7.9634,5.7763,9.9664,12.834,5.5751,18.629,0
153.31,19.779,12.988,1.7017,15.573,12.594,25.337,3.2401,11.701,23.285,32.844,14.03,24.036,0
123.2,8.9505,9.2424,18.089,8.2913,23.086,3.9042,0.37327,19.123,23.065,14.2,10.006,1.2697,0
157.96,9.8392,4.0614,3.1043,0.38084,1.4032,22.643,7.7054,0.63323,15.297,6.1971,16.124,8.4374,0
98.467,8.2677,13.552,12.566,9.9339,15.372,7.3227,4.6222,6.0319,8.8115,26.62,1.7958,14.342,0
100.28,5.5676,4.6337,9.4908,6.8692,13.603,20.426,10.205,10.421,12.282,1.9763,7.3683,5.1931,0
186.7,15.459,4.9607,1.7194,18.746,5.6875,17.516,11.244,15.543,3.6387,5.0599,30.082,5.8402,0
89.165,19.221,10.971,15.149,5.4207,1.2538,2.7799,8.7191,25.263,0.86392,11.157,2.1516,10.153,0
83.342,8.2802,7.3771,9.4648,1.6717,13.091,16.561,5.7569,10.101,9.7333,7.7537,6.4518,3.4297,0
140.06,0.31258,3.6059,9.2918,22.386,3.7942,12.934,3.0459,7.5399,8.1689,12.21,4.2759,21.393,0
92.751,17.215,3.1768,3.7382,5.7156,5.7455,14.703,1.9169,7.919,9.3827,12.351,6.0837,0.66229,0
117.89,0.437,19.078,20.203,21.041,19.738,17.8,25.64,12.339,9.2481,14.158,2.8091,7.5871,0
103.61,14.785,5.8165,0.04917,1.6061,16.645,22.901,9.3179,2.4197,14.207,2.9068,11.711,15.924,0
226.12,1.767,2.8016,14.153,0.41891,1.1341,27.918,17.087,31.12,11.645,4.8564,7.7122,13.765,0
171.5,15.675,18.097,4.0154,0.1397,7.1412,9.2745,14.624,9.4558,13.252,3.4071,0.27183,5.8754,0
83.649,17.36,21.361,3.1557,2.3424,9.8314,6.8075,12.721,2.3256,4.5746,10.475,1.0634,14.098,0
97.333,6.0005,12.359,4.4205,5.5116,4.6071,10.558,1.6538,7.0117,23.07,12.007,12.152,2.1437,0
134.9,3.3186,3.6192,21.63,0.13081,28.392,13.371,3.5885,20.256,3.9432,2.6731,7.9408,10.187,0
155.56,10.627,12.491,0.39358,2.7436,5.9984,21.588,21.272,11.519,8.237,1.55,7.7705,24.851,0
119.16,12.275,4.2261,19.977,11.022,0.077643,12.584,1.8271,16.498,22.921,19.481,15.952,2.079,0
161.34,19.525,13.227,17.145,27.978,4.6447,14.793,5.2773,11.103,27.862,12.441,8.8535,6.8748,0
116.55,0.94485,18.801,16.322,12.805,31.518,15.322,3.3796,21.5,0.70572,13.084,0.29777,2.499,0
98.995,1.0697,30.33,10.356,14.364,1.0337,0.13108,8.9894,6.8983,7.5833,12.281,9.9761,2.4326,0
93.217,2.5352,10.63,6.5565,9.2993,7.9091,16.325,14.497,6.5444,9.6279,4.4296,0.58308,2.6129,0
76.51,6.151,4.6692,3.1275,10.229,18.352,16.57,6.6645,5.4661,8.1508,4.0736,1.1461,12.652,0
155.56,19.067,11.931,11.074,0.53005,0.91932,4.2129,0.88605,9.4057,6.9882,2.2239,10.731,0.43373,0
106.19,14.908,13.016,5.0099,9.7883,16.045,1.7563,2.0057,3.618,11.954,3.8006,8.6419,5.9065,0
192.07,16.965,11.171,7.0124,16.343,11.752,4.0912,4.857,10.147,2.3864,15.33,1.1432,4.2172,0
132.69,6.6329,8.2962,1.7502,12.189,25.592,8.3562,10.653,8.6407,6.1522,3.6174,5.3217,8.7798,0
148.67,14.087,12.794,6.871,2.1328,18.143,8.1066,1.2342,1.7295,8.8104,0.83988,0.67223,9.6561,0
106.97,9.4065,10.485,15.117,21.616,15.261,22.18,2.168,8.0992,30.705,6.5882,6.396,6.0104,0
68.97,23.116,13.513,1.2541,13.242,3.3691,5.8386,21.043,11.923,9.6054,6.2487,14.257,18.492,0
90.467,19.278,11.439,18.788,26.745,14.405,14.072,16.137,3.7053,8.9541,9.6575,5.6695,4.6996,0
135.86,9.1383,14.116,20.385,1.0408,6.6522,1.012,5.549,2.2608,19.812,23.192,11.004,10.584,0
70.898,21.512,21.342,31.968,4.718,11.058,1.9855,2.2731,4.328,15.271,1.1101,28.231,29.845,0
56.983,23.579,5.3881,15.407,21.406,9.8291,14.086,6.2384,13.116,17.608,15.776,8.2987,1.2459,0
108.81,31.772,4.8331,0.9235,27.597,26.042,5.297,25.161,4.5994,0.34644,3.1753,5.789,2.7897,0
94.626,7.1698,2.828,9.1284,3.828,1.8258,8.918,1.8056,2.3946,7.212,4.0832,0.3441,0.11738,0
105.88,13.238,14.162,18.9,12.63,10.024,0.52912,1.2218,18.767,25.027,19.625,34.009,15.539,0
99.422,0.087764,13.289,0.47352,20.625,10.987,6.1366,3.3505,26.552,0.45611,1.9519,10.881,9.0914,0
71.409,7.3409,0.37863,4.4048,15.876,7.6816,14.012,5.8659,17.82,19.469,2.765,1.4429,8.5435,0
98.985,12.636,19.756,24.656,28.696,8.7941,0.78398,0.79396,4.7285,3.5322,4.1417,4.0793,0.6807,0
96.09,8.1791,15.868,28.894,21.436,0.70902,12.179,20.18,27.74,22.394,8.3837,2.5916,7.8029,0
104.92,1.9726,17.649,46.366,19.755,7.5105,11.382,2.856,33.315,6.2323,15.695,8.3191,5.5434,0
90.087,8.3262,7.6077,8.5214,5.51,2.8701,27.754,23.615,1.3295,9.8051,13.172,15.732,17.17,0
75.753,11.267,7.6218,29.982,2.2533,6.2945,17.948,5.0476,14.765,8.932,19.213,17.827,21.972,0
106.34,1.831,6.1452,27.774,1.7978,19.15,9.2725,2.6681,27.992,16.734,30.105,14.132,8.9268,0
77.309,12.235,1.032,17.549,3.3261,14.793,5.7996,4.2506,39.371,8.0796,3.3965,7.7304,0.82118,0
83.98,2.7932,8.17,15.776,7.0032,14.357,2.0974,11.733,5.3835,17.698,1.7351,13.182,24.264,0
72.693,10.107,9.2784,6.2128,27.942,1.4527,10.861,10.393,6.1785,5.5757,4.4994,3.7648,4.1167,0
112.14,5.9351,21.934,12.802,23.266,43.959,5.2358,13.717,24.481,2.5745,16.78,11.294,0.23576,0
75.796,9.4641,19.202,10.882,7.0121,10.374,2.5652,14.606,30.89,0.047547,13.256,16.575,1.7423,0
72.562,2.2884,2.0312,36.651,5.427,8.0031,22.677,0.82699,2.3957,2.3966,4.7473,7.7407,0.75104,0
69.208,17.682,17.861,1.1719,29.426,17.402,16.045,44.807,15.165,1.3691,13.665,29.712,7.4899,0
119.78,17.813,18.915,10.562,11.546,15.358,3.3152,9.1971,9.3602,14.941,11.015,7.6754,10.303,0
101.98,1.6217,1.2166,6.9257,19.564,25.526,15.974,2.1435,5.8889,11.631,4.6329,1.6259,15.612,0
122.47,0.24626,1.2529,28.445,8.5336,5.6555,3.177,10.72,7.4243,11.292,26.591,11.339,1.507,0
93.536,7.485,2.1356,25.342,3.3363,4.2516,12.876,1.7727,4.9954,21.551,12.203,6.7848,9.7105,0
66.666,25.397,17.17,7.7292,4.4684,7.3167,5.2805,0.89476,11.946,0.34275,2.6729,10.807,25.401,0
78.559,2.257,9.1102,1.3824,8.3529,18.718,8.3649,2.2367,0.23203,19.563,1.523,10.161,1.4605,0
83.246,11.602,8.4737,14.201,17.525,6.3799,19.138,5.0408,29.184,0.67305,6.1444,13.843,9.9249,0
100.92,15.415,32.939,27.13,13.704,2.2604,6.2494,11.526,20.805,10.557,5.8803,9.6163,11.492,0
122.92,20.397,27.632,17.27,12.44,32.919,21.308,17.975,7.6704,17.262,21.529,4.3432,9.5242,0
55.951,13.63,1.8568,10.172,16.855,20.886,6.1403,2.9923,28.857,12.023,7.3677,21.662,4.7883,0
165.98,10.215,13.43,3.7941,9.4054,1.7241,3.6118,27.928,0.89592,5.5853,24.126,9.1436,8.1055,0
190.47,13.186,6.3003,1.8067,7.323,10.781,6.1055,10.45,18.182,14.994,12.896,11.709,13.039,0
108.81,2.9564,12.954,10.013,7.8296,5.9513,11.002,5.2315,3.7375,1.5067,9.6407,0.8704,3.5287,0
137.17,5.8273,3.9427,1.9632,4.4071,7.6679,1.7406,16.556,7.1117,9.1301,0.30457,2.2121,1.7394,0
162.64,2.4122,9.8348,15.109,3.8697,5.4336,10.011,13.259,2.7471,18.91,0.86902,5.133,14.175,0
145.65,15.155,1.1127,0.14979,7.0448,1.7749,6.2098,10.371,6.771,3.4237,3.1007,0.2171,6.291,0
192.58,3.7492,12.99,3.7016,11.098,6.8051,8.7917,6.983,3.2912,17.825,22.814,2.4188,0.18178,0
122.67,16.457,8.5655,10.553,15.943,1.4696,3.6414,8.3075,1.5688,7.6693,3.426,6.0845,1.9666,0
135.11,5.3174,7.3185,0.40882,13.405,5.3107,5.8691,16.409,1.7083,1.9714,7.4465,12.451,4.1294,0
130.82,8.8537,3.4292,9.3628,11.222,2.9985,17.247,16.775,8.4678,2.2868,8.3841,1.7952,12.097,0
113.55,4.8654,26.95,6.0514,11.037,0.96557,1.4234,6.6078,5.9714,5.9316,6.5169,4.8108,9.8984,0
193.48,2.9836,5.5362,1.161,6.5027,6.0111,5.8549,3.6462,5.1578,13.747,17.666,3.6753,5.4208,0
149.49,3.9714,9.4198,5.337,5.961,4.6298,1.2731,5.9297,15.486,13.244,1.5151,1.6839,10.414,0
108.4,6.3365,6.7286,8.1845,6.5654,4.7739,7.1459,6.358,26.701,24.605,6.0992,3.4083,1.6298,0
167.82,1.2933,2.2801,20.302,4.4682,4.5003,2.6367,6.7084,6.4963,12.301,11.059,7.4887,0.11983,0
146.92,12.009,4.4927,14.327,6.2794,15.118,7.6276,1.7622,2.631,17.712,5.0115,4.4072,2.1827,0
116.47,3.0784,20.535,18.042,14.045,7.5361,0.14277,4.8325,5.8303,0.72581,0.24361,0.48091,7.0374,0
146.47,11.806,17.377,9.2569,4.2332,10.581,14.207,15.934,6.7976,5.6314,14.309,8.7882,6.7508,0
109.02,0.61168,1.1437,6.7013,10.413,3.4532,12.126,6.7627,2.1798,20.404,10.154,0.52635,3.0874,0
106.34,1.7858,13.965,6.7333,6.9084,17.719,4.2446,9.8836,9.8516,7.7163,7.427,8.5187,5.8025,0
117.35,13.237,16.972,23.947,11.303,1.2073,5.9243,14.882,3.3958,20.862,1.6904,15.031,6.3868,0
186.17,6.1804,4.1988,14.611,1.0255,8.6765,4.5514,4.9394,4.5133,4.2733,15.376,7.1661,7.3679,0
139.58,2.4921,1.085,10.286,10.47,13.153,12.325,3.9969,24.075,0.16545,4.5141,0.51287,16.973,0
114.24,12.365,4.2986,9.2821,18.169,1.302,4.6317,0.63896,2.0771,4.8778,11.46,5.3484,1.4831,0
169.86,1.6939,10.129,2.3553,10.329,4.8098,0.57173,8.4795,10.682,12.736,5.1139,10.78,8.8828,0
114.63,0.7252,6.5974,10.872,13.389,0.19037,10.277,1.8956,11.446,0.057391,4.0506,8.8023,13.401,0
120.51,5.9583,23.871,3.3266,6.3428,9.5261,2.7607,5.0152,9.5025,17.188,15.301,3.456,6.0292,0
125.78,4.0214,18.547,7.0185,7.524,7.4073,0.90174,6.8422,7.726,19.618,9.0938,0.82263,4.3123,0
102.99,9.0129,2.2679,14.983,32.734,10.168,4.9447,3.4087,23.604,5.8566,5.0739,1.327,7.0579,0
76.243,19.63,2.8592,1.9847,17.453,9.6951,3.3373,11.879,4.5742,5.3649,1.8296,1.7625,9.3357,0
106.6,11.625,0.28687,14.014,18.353,14.545,1.3408,5.7053,7.327,6.5058,1.318,10.089,10.449,0
117.17,2.8867,0.31905,8.3356,10.033,17.083,11.41,30.277,10.036,17.969,16.818,40.791,4.1955,0
135.89,15.557,16.223,19.773,7.0742,12.441,11.387,28.928,6.2989,5.4915,19.434,12.876,12.172,0
109.43,29.628,5.867,0.23552,8.1352,5.8268,21.27,17.893,7.8554,1.029,22.559,0.12827,16.071,0
82.392,12.407,1.0765,1.6559,3.2309,7.2487,11.182,8.1026,11.437,9.7172,11.638,0.77981,3.2648,0
141.6,21.653,17.079,6.9791,6.4492,1.7563,10.79,4.3532,10.771,0.96051,6.3288,3.4392,8.5677,0
173.1,2.5495,3.2131,0.90103,4.3437,10.557,2.3454,2.0595,9.665,7.3659,5.542,6.1023,3.7417,0
98.531,2.5372,7.2409,18.437,3.6926,16.316,25.004,3.6043,7.6176,16.921,4.3144,17.789,18.523,0
133.33,5.2673,16.261,2.329,27.929,13.672,15.945,7.5194,13.125,9.1287,9.5131,2.1047,17.119,0
201.27,2.2402,3.6525,10.923,5.5439,2.1653,14.118,22.936,9.8776,16.214,18.006,23.812,12.766,0
154.12,1.952,18.354,4.8061,27.095,29.935,36.868,12.251,6.2669,2.1927,16.18,5.298,14.701,0
127.7,17.443,13.268,12.303,10.804,20.9,8.0035,22.398,34.689,8.1974,10.058,1.4201,13.143,0
129.61,4.9931,5.8375,16.704,5.5832,1.619,11.652,0.49444,6.6671,16.409,3.7526,9.6748,5.0135,0
132.01,9.6089,2.4858,4.893,9.6073,17.706,16.633,4.3191,9.5225,16.538,12.858,6.0943,31.718,0
113.45,14.97,7.7813,1.0432,27.192,7.2265,5.8511,0.098137,16.448,0.8289,0.51687,6.3899,11.937,0
76.183,6.5525,26.388,2.1024,17.906,9.0884,1.9352,3.4336,6.913,10.363,2.6648,13.486,1.2657,0
79.419,20.366,2.4145,14.747,17.158,11.029,6.4992,10.267,8.1111,2.6416,9.7269,4.7337,3.1662,0
83.436,0.81935,7.4786,20.154,29.368,12.898,4.3443,13.268,1.5308,8.7682,4.0067,0.53856,8.7317,0
86.949,9.6977,11.978,0.031839,8.8483,18.901,2.3769,10.483,4.1898,16.629,1.1527,19.232,3.2823,0
79.942,11.407,5.7592,12.696,1.7728,12.717,16.265,13.136,2.2521,6.7701,5.3376,6.7424,5.9328,0
90.969,4.6394,14.615,11.921,4.5832,10.926,5.7533,11.256,0.44401,8.3799,19.75,5.0253,7.8378,0
59.04,6.5816,13.652,10.062,6.3583,13.445,6.8651,21.043,3.8499,10.844,7.4523,3.1757,7.5642,0
88.214,5.7468,9.9725,6.5961,12.818,10.283,14.923,7.7803,11.246,6.9162,4.5633,1.4913,4.8835,0
92.125,6.2386,13.282,3.0606,8.9075,5.3488,8.2411,7.9515,13.459,9.1225,15.53,15.492,2.8691,0
48.448,4.6889,14.184,3.0478,1.5353,1.6019,5.0466,3.9064,6.3462,5.3974,16.054,6.5777,4.8395,0
133,1.0196,5.5887,6.5007,6.1934,5.2478,5.4145,6.2794,11.977,4.5063,17.998,5.9008,4.8679,0
73.568,4.2507,12.654,4.0149,2.6084,16.856,3.6383,9.1541,11.709,2.3969,6.5636,7.6393,8.5403,0
68.047,5.2061,0.57738,15.393,26.515,12.218,3.2071,10.636,15.875,22.685,2.7078,11.688,11.862,0
80.827,11.997,9.2437,18.446,12.861,8.1413,8.2435,7.2184,4.5735,19.494,13.05,1.9476,7.1849,0
86.489,17.401,10.986,0.41251,0.90169,30.564,1.3075,6.6974,14.242,24.012,5.8218,4.152,6.0718,0
89.573,5.8155,13.205,7.6947,8.6998,19.1,14.921,4.977,0.77396,6.3544,4.3968,2.6399,3.0478,0
163.37,3.5066,31.986,11.434,7.9216,0.81938,6.3426,15.664,15.605,0.77229,10.551,14.488,30.113,0
79.114,9.5987,45.344,2.851,22.794,7.7791,28.735,1.6781,5.7136,6.0653,13.607,8.019,1.2498,0
78.114,3.3887,2.4783,6.6857,18.637,18.328,31.153,13.073,6.5399,2.0677,10.015,13.9,26.643,0
61.866,21.098,7.0828,19.44,13.434,12.771,15.536,2.0396,5.8468,20.874,2.8971,5.0121,17.482,0
88.402,9.5236,28.307,19.059,3.7552,29.574,7.4025,6.4533,5.6082,9.2478,5.3139,2.3561,13.737,0
58.54,10.301,26.203,11.902,26.868,3.7409,21.944,4.7089,21.41,0.30978,1.5727,5.2483,5.3311,0
95.092,10.821,16.815,24.106,8.1021,6.8004,7.4306,14.088,20.06,18.41,16.569,19.546,11.994,0
127.48,19.656,6.7701,9.6809,4.4221,6.5719,0.81317,30.036,4.2724,9.9248,6.788,4.3542,33.008,0
106.62,6.5578,7.9645,0.59684,9.0379,5.7614,10.675,21.526,11.89,22.99,29.942,3.1591,15.538,0
86.504,15.451,5.5252,20.42,32.274,21.958,9.3539,9.5675,19.867,9.7475,2.4077,12.854,13.365,0
50.135,0.44483,0.18689,3.3245,1.837,1.5599,8.4209,18.827,3.633,0.44415,6.145,5.5404,0.98325,0
190.38,9.5015,8.1956,21.131,14.542,5.3705,2.9042,19.799,3.99,7.4327,18.636,11.914,11.418,0
74.952,9.7733,8.0788,0.64441,7.5805,4.9358,5.6305,25.111,9.5842,2.5558,0.76552,1.0641,3.4225,0
65.327,16.904,4.6334,3.9219,9.3722,0.35429,17.221,22.062,7.1707,10.727,3.1067,1.7418,24.927,0
81.43,3.9639,8.9325,17.341,13.567,5.5117,22.778,15.51,9.4813,2.0176,2.3293,5.1918,1.073,0
97.835,14.78,7.3491,5.3482,0.9204,15.709,3.7519,4.3534,4.767,0.99466,8.1112,7.355,4.0071,0
92.138,16.099,2.0356,3.4889,23,12.004,11.832,15.866,12.439,1.3934,10.278,2.3402,10.529,0
75.686,32.957,8.8931,0.10062,17.325,10.771,12.76,4.5409,16.036,16.001,1.2313,1.884,5.9896,0
78.22,2.6492,9.4522,12.148,4.3277,0.86585,3.5771,1.8949,3.5869,19.935,4.5914,9.5623,3.8435,0
84.157,17.043,2.6372,6.1624,17.583,9.3493,6.5076,0.44616,27.679,1.5891,3.0508,8.0676,1.9271,0
78.291,4.1271,8.4077,4.8752,20.56,13.464,18.369,10.435,1.8205,6.5725,12.984,0.82413,6.2874,0
92.454,7.6065,3.7464,7.654,14.549,14.841,3.1033,7.7875,7.3787,4.9013,2.4871,10.968,4.5339,0
56.541,2.2582,4.0503,7.2238,3.3249,11.871,0.60594,2.1284,1.3374,11.469,11.771,3.5016,1.0733,0
80.405,8.2018,0.1904,11.478,11.293,6.3911,17.125,9.6681,11.911,6.4428,16.436,6.4284,4.1294,0
55.536,1.5026,4.1911,7.3995,6.9266,7.2529,9.3065,2.9222,2.7803,2.6707,13.188,0.46919,15.802,0
74.78,6.1025,9.4717,2.0263,2.1446,7.1399,28.982,3.9389,23.1,2.6949,24.577,5.7329,4.1095,0
108.73,7.1982,3.7115,5.5141,22.438,15.986,10.056,30.314,0.17961,13.453,1.4924,13.444,3.4679,0
89.158,10.826,13.736,0.72442,22.853,7.8877,16.912,3.6529,0.83499,5.1274,12.693,21.412,6.1056,0
96.237,26.454,23.436,7.3279,2.3606,5.0466,6.7911,15.264,2.6269,14.982,1.4112,10.464,21.446,0
75.584,1.7121,9.6151,30.377,9.356,7.303,0.33425,4.8707,16.776,2.9276,6.3306,11.795,17.321,0
123,14.359,26.366,8.0902,4.5549,10.308,9.7461,4.7454,12.616,3.5209,23.769,17.152,9.6389,0
90.308,5.8967,8.1173,20.503,6.0121,10.874,2.1435,13.648,2.37,12.038,15.013,14.615,3.8572,0
129.29,5.1897,23.462,5.8284,6.0287,12.709,0.61515,30.843,6.5864,14.982,3.398,28.499,12.107,0
99.1,23.802,5.1046,16.123,0.64018,11.493,8.0983,25.597,19.306,23.385,15.763,0.84848,14.869,0
96.956,4.1343,20.554,0.12476,8.979,15.008,11.908,0.32052,5.7216,2.6658,7.2275,36.153,22.836,0
103.93,14.183,15.423,17.912,7.8754,22.479,8.8677,14.816,27.08,13.345,2.3695,0.70584,2.4734,0
74.008,2.9876,1.2944,8.611,4.2672,4.1565,12.923,5.7213,6.8844,4.93,9.7265,6.3362,11.795,0
110,14.374,4.9701,19.939,17.797,9.6113,0.054062,25.645,5.7902,5.2928,2.1103,1.8879,7.5129,0
104.18,6.479,3.6467,14.128,4.1705,21.829,6.9975,8.3785,14.71,19.976,7.7619,7.3593,4.924,0
106.24,14.717,7.2929,22.856,10.223,6.5903,17.824,7.2469,3.1632,17.92,3.5881,6.7257,11.783,0
85.547,0.11821,15.377,0.51642,2.0012,31.861,12.09,15.378,8.9301,14.128,7.0454,6.6207,14.257,0
87.618,0.11181,7.0642,11.301,8.6741,1.5728,4.3293,4.461,4.0617,5.55,9.3039,3.3029,2.1929,0
69.883,14.136,6.92,8.161,5.7038,22.546,9.2364,7.5906,10.151,2.2406,5.6602,3.4285,8.9816,0
61.691,14.532,3.3415,1.1375,1.7047,3.0245,7.4814,10.059,3.862,1.443,9.2675,9.0607,6.6051,0
62.684,7.9835,15.454,8.8809,10.881,16.232,14.68,13.79,7.1965,20.643,3.8598,1.9667,2.2111,0
96.68,13.4,7.3135,25.327,28.135,2.9337,8.0553,0.47715,8.0895,4.8803,1.7408,0.49134,5.9307,0
94.595,8.6005,9.3456,3.7379,4.251,4.0834,14.278,9.4144,21.61,14.393,13.481,9.276,14.642,0
70.056,12.71,14.536,1.9389,10.651,3.3862,2.6885,2.6227,4.376,7.7013,7.8455,19.279,10.96,0
83.875,36.402,22.522,6.8945,1.8178,6.3792,20.122,0.87872,10.66,6.0473,3.4484,5.9613,2.1706,0
91.042,2.6073,7.0877,6.512,7.4572,27.62,3.1605,10.349,8.4213,6.5459,22.389,7.1787,0.0096623,0
92.99,7.0438,0.95304,13.042,4.0176,3.1815,17.731,14.495,4.3321,12.129,5.6403,16.777,0.19662,0
74.689,9.2758,20.379,12.33,2.6226,0.15229,5.8782,6.6532,8.3057,16.152,7.6043,8.7563,8.0763,0
96.085,16.741,5.3667,1.9101,1.605,11.105,7.1441,8.5564,13.253,8.3418,9.2195,3.7424,9.9583,0
77.368,5.5822,8.1582,2.2782,7.7539,6.7259,13.762,6.3646,3.8399,2.903,3.1634,1.5528,18.773,0
66.798,3.1734,6.2465,7.2263,2.689,0.67266,0.78079,7.866,4.6273,3.3143,0.23888,1.8685,5.5694,0
75.12,7.378,0.051106,2.161,3.4648,6.5901,2.9916,4.0166,5.3505,0.32464,6.0212,2.8413,0.95788,0
62.938,3.0287,12.901,6.0082,5.9295,3.3927,8.7396,1.939,3.502,1.7043,6.8838,1.9587,1.0454,0
67.293,10.157,1.1589,4.369,0.34886,0.99095,6.2738,2.5549,4.0343,12.91,6.6327,1.9933,7.1381,0
68.888,3.5815,0.1584,0.18289,12.61,7.4439,4.0412,4.4196,1.2895,4.5338,5.5608,3.909,0.88104,0
94.627,28.892,28.228,25.501,11.98,4.4205,8.0583,15.971,6.89,3.8688,6.5752,0.47636,10.327,0
86.829,23.297,13.039,6.6761,9.0073,5.2285,3.3333,13.564,6.1146,14.21,23.78,4.5517,14.451,0
140.71,3.5549,4.1114,12.21,2.0267,15.443,2.4196,14.74,3.9769,7.8977,9.1714,12.42,15.821,0
91.157,0.96553,1.3104,5.3054,11.352,2.2684,0.18918,6.2159,4.2442,5.6912,3.1542,6.1665,7.9763,0
138.54,8.9785,0.14569,6.5424,34.836,10.444,15.125,5.7879,6.679,4.447,12.312,2.7084,1.6333,0
75.399,9.5144,5.0089,2.6318,8.5254,0.55931,5.7006,8.637,10.726,8.4021,11.224,1.4725,0.63899,0
109.37,24.552,28.311,20.37,6.2552,0.54066,23.996,8.1768,1.0177,8.5629,12.505,9.8194,7.2075,0
120.35,16.312,9.3848,17.904,2.518,0.69034,6.4057,7.5609,33.969,5.3268,10.342,1.0101,0.69451,0
157.71,0.12189,7.1207,26.169,1.4014,17.167,2.8214,9.453,16.831,10.942,13.058,13.311,17.689,0
157.57,24.596,7.0227,3.6034,7.0567,9.9014,20.046,6.0921,2.9056,14.428,14.149,10.011,19.458,0
123.58,4.3033,15.891,10.8,21.848,9.847,15.826,1.8911,15.394,11.971,11.011,1.5584,5.3257,0
113.96,13.29,1.5581,2.5647,18.317,6.5251,7.9565,14.116,14.992,7.2497,0.73552,4.6099,1.4981,0
126.5,1.1441,0.27546,23.703,8.3673,3.5456,12.019,5.7436,21.688,4.6199,12.426,11.968,2.7976,0
66.911,10.95,7.2736,2.7317,2.1628,6.6283,2.3003,10.532,2.614,1.488,3.9178,4.2767,9.11,0
128.41,7.7272,16.855,12.17,5.3433,14.775,6.0379,10.945,9.8151,3.3364,7.8828,9.5066,6.4361,0
160.15,7.2122,2.3183,3.4735,9.3589,11.431,29.792,18.946,4.8962,4.7965,15.579,6.2439,1.1999,0
111.36,15.93,0.88576,18.127,16.671,3.8049,6.9869,17.811,8.6399,11.525,5.4479,2.6675,11.097,0
116.92,16.048,3.5612,20.122,11.889,12.345,1.021,5.0849,1.2129,3.8365,2.9217,1.9619,13.249,0
83.035,1.1202,1.1128,2.096,5.6871,5.9934,3.5956,3.3358,2.0611,9.6466,13.245,1.313,3.9333,0
127.31,2.3292,5.5402,2.7157,5.2605,11.667,12.766,25.835,16.382,7.0176,13.714,6.2168,8.9409,0
77.645,1.3735,0.90756,1.8573,2.4007,15.605,0.30777,9.689,3.3784,10.297,5.5375,13.144,4.016,0
124.26,21.954,14.795,15.888,14.155,2.1969,22.107,10.643,4.031,13.654,8.1247,5.9851,1.4763,0
108.16,0.98234,4.7351,10.119,7.345,5.3484,20.927,4.848,19.972,3.003,13.905,16.628,8.3089,0
103.58,20.804,4.9022,6.6196,3.3368,4.1478,8.0776,8.2808,6.2384,4.2211,6.7037,7.8909,8.6563,0
104.41,2.9506,10.854,6.7623,8.5496,17.342,1.5195,4.8655,0.62815,2.0278,15.224,5.6212,24.449,0
168.05,12.179,25.194,3.9426,2.4322,18.085,16.85,8.1845,6.838,6.2961,9.9285,2.6038,4.9175,0
128.87,3.016,4.3272,9.4647,22.985,17.393,5.5039,16.641,4.8938,28.251,5.2756,6.3346,11.423,0
108.46,9.8188,2.729,10.185,22.95,7.0369,5.6886,8.9076,9.6463,8.7387,14.901,4.7005,14.102,0
108.98,6.1034,28.417,17.661,7.1176,14.238,7.8001,15.255,6.1185,6.243,5.0919,17.963,6.3757,0
111.98,10.087,29.497,1.8774,5.6261,11.29,7.3805,12.851,11.034,2.7251,11.097,8.4659,15.942,0
90.409,4.8972,21.594,0.71086,0.81169,1.154,3.0027,1.0546,1.227,7.1503,3.324,12.896,7.3386,0
117.82,6.4652,10.869,6.9069,7.7125,13.015,20.157,20.11,8.4077,1.887,1.0135,3.2045,2.4019,0
133.64,8.2232,15.479,11.849,5.7327,1.3407,0.094734,14.139,6.1189,16.76,5.9193,7.1582,5.8779,0
109.4,14.226,12.928,10.198,18.187,7.0048,12.101,5.1621,13.789,16.011,5.0784,12.705,10.402,0
131.4,23.466,4.9708,8.9922,13.806,13.51,2.644,23.416,11.515,8.0123,11.249,5.2402,3.0355,0
93.492,3.0904,20.847,8.932,11.92,9.7077,6.8543,2.8825,15.052,12.866,1.3531,2.3377,6.6084,0
118.55,7.1953,9.1527,2.1855,0.50786,26.729,8.6122,6.4483,2.0434,21.788,8.7879,8.7504,2.049,0
65.842,9.0042,11.013,5.5265,25.461,15.53,2.9115,1.1819,11.308,12.398,8.6538,8.9389,2.9024,0
46.498,17.736,13.63,14.451,1.9179,4.689,6.4617,1.9713,12.293,2.1156,2.1137,10.035,8.6573,0
25.783,15.813,6.1764,2.0925,0.18006,1.4522,3.4044,3.754,1.1271,0.27524,6.615,1.0362,12.705,0
38.507,11.062,15.417,1.9794,12.707,8.1315,9.5262,5.1175,1.2426,7.4272,8.4887,7.3187,5.9427,0
50.238,4.1604,4.3198,0.41821,18.489,1.6641,15.288,6.0663,1.7795,4.4909,2.7575,5.91,8.2583,0
23.685,0.83832,8.5656,8.1182,14.718,2.8227,5.9784,11.218,16.365,4.9381,6.1119,0.30484,7.2647,0
38.541,11.031,12.583,7.2537,16.128,10.562,8.6583,3.441,9.9792,7.5362,9.0021,6.6638,10.354,0
55.152,13.847,14.366,5.7002,2.9741,7.5627,5.4043,6.635,11.719,13.033,3.4097,14.72,0.88317,0
37.38,17.075,15.307,6.1477,5.1442,12.89,1.4905,9.8269,0.37298,0.90011,1.2577,6.1343,2.4911,0
39.658,0.87015,4.9711,14.955,0.19862,0.1572,8.955,1.2153,1.8718,0.94617,8.0799,4.2394,4.442,0
126.63,1.7978,6.8323,1.2991,4.4241,15.99,1.0603,9.1571,3.0607,9.1781,12.467,14.059,16.246,0
136.02,15.607,1.2759,4.137,8.2094,0.62336,10.517,11.292,3.5235,7.2172,16.68,5.5772,0.72026,0
66.29,5.9529,2.354,10.796,24.7,10.161,3.8421,19.007,4.1219,3.4831,8.9737,10.988,11.902,0
121.92,9.1109,0.56289,9.5186,10.501,1.082,15.702,12.261,21.362,17.172,4.9296,11.03,11.117,0
97.337,2.6651,4.0323,13.932,17.333,0.39005,11.359,14.892,6.825,18.896,22.81,1.9745,2.0556,0
131.11,1.4047,15.375,8.397,17.288,14.243,7.0413,1.6633,1.2441,19.466,4.9988,8.0155,19.164,0
110.41,8.7136,18.272,10.138,12.677,12.103,13.217,0.93267,10.149,7.2778,2.2258,3.8664,3.6492,0
171.98,6.3154,5.7947,5.6795,21.087,9.3909,8.9844,22.836,9.5218,2.5525,17.03,3.5847,1.6044,0
84.923,24.891,1.5362,17.147,3.5824,11.409,2.5552,6.3722,2.7866,21.73,2.4296,0.18336,4.0422,0
185.68,5.068,2.7827,11.108,1.6649,1.2945,0.73793,0.47534,4.0033,7.8194,10.671,3.5584,3.2169,0
153.7,23.535,1.2538,11.232,8.444,0.75569,5.3075,3.3286,3.748,2.2892,11.36,9.9715,11.934,0
97.335,0.96181,14.506,8.6145,19.54,3.4734,19.055,6.1371,15.322,8.1402,3.4211,5.6985,4.0869,0
218.7,21.119,9.1305,9.1027,2.6109,0.64356,9.624,2.5354,0.69533,1.354,8.2902,7.2503,4.7228,0
100.01,3.1813,4.1669,2.1728,6.205,14.297,7.394,5.8155,8.9472,9.878,3.1036,3.3178,1.5517,0
82.52,19.722,17.428,14.873,7.9521,6.3034,4.2195,6.7634,3.2875,2.875,8.8022,6.6684,9.73,0
187.75,10.542,3.4525,5.7744,1.689,11.212,13.984,3.4205,3.608,24.233,10.489,11.785,4.5385,0
69.968,23.805,19.174,9.9467,11.794,24.669,18.48,11.331,3.0563,16.499,1.4196,8.2969,7.3233,0
116.1,6.1165,2.0563,21.049,6.7805,8.3102,16.015,26.808,1.1679,13.706,4.9826,1.885,6.1583,0
95.837,10.71,0.52975,3.1953,7.3574,14.147,25.722,3.7747,3.3117,10.612,4.648,14.66,0.13834,0
277.57,1.3535,8.0157,0.9856,6.1873,11.519,4.1982,20.544,1.4633,4.1455,2.3887,0.35011,11.388,0
140.38,14.046,13.871,14.58,9.5872,3.1484,21.093,9.4493,7.0853,5.683,13.654,12.877,0.3796,0
124.27,3.4848,8.4635,0.99877,8.1885,12.982,2.9158,5.8464,13.466,3.3463,20.414,6.7606,9.8814,0
88.588,11.524,0.96029,15.077,15.109,17.173,3.921,18.503,18.297,10.397,10.794,8.8475,8.2011,0
185.43,1.6807,7.6895,16.825,1.3699,17.679,9.6677,10.046,1.8147,10.292,4.2215,13.823,0.42662,0
130.57,3.4395,3.6363,13.727,16.836,4.0429,22.963,11.185,7.7186,9.4063,15.218,9.9267,9.8289,0
90.525,5.4807,4.5405,2.3295,2.8184,6.7476,5.7999,8.2514,1.2703,2.6451,12.705,7.6602,6.8351,0
74.172,15.795,8.3522,32.052,4.1391,11.79,14.632,32.941,13.099,1.5593,29.789,12.909,8.7793,0
144.06,3.4835,4.0128,4.0483,13.153,3.4797,3.2201,5.1157,1.6273,1.2035,3.0791,0.67623,2.0001,0
197.1,2.0128,7.686,12.566,6.1893,6.7601,1.5738,2.872,7.3034,8.7147,2.9311,5.6607,3.4141,0
170.97,12.709,5.4452,8.2604,2.508,8.8162,5.4051,2.5565,0.55572,1.0089,1.7434,2.2666,2.8744,0
175.55,2.5058,9.9628,1.331,1.3715,4.5272,9.675,3.101,2.4982,3.4335,1.655,1.449,5.0651,0
117.36,3.0507,6.267,5.0189,4.5476,4.3055,4.397,0.34806,3.7198,4.4652,1.2909,5.7756,6.0595,0
302.29,3.0596,12.765,7.9704,0.95604,2.4161,1.9344,3.6551,7.2518,1.8673,0.9133,0.52767,4.7664,0
130.86,3.6358,2.8028,5.7267,5.0413,4.378,3.5856,19.018,8.9037,7.1255,14.597,3.5254,1.7012,0
169.71,4.554,5.9282,1.1961,4.9294,1.0398,11.75,2.5082,2.1781,16.15,1.7219,1.2237,4.5566,0
180.59,2.295,7.8571,5.2925,1.2836,6.0768,4.1526,1.1326,4.7372,3.6668,5.3557,3.4093,11.734,0
157.62,3.6866,2.4644,12.912,5.8697,6.2231,11.411,2.0716,4.1018,1.6741,1.7184,8.9911,6.1141,0
176.35,2.0553,1.8332,5.4601,13.52,10.813,4.4878,4.4401,3.3124,7.8389,12.635,2.4986,1.5547,0
157.96,1.2709,6.5609,3.0269,0.7483,4.6051,0.9708,4.9679,1.7307,0.87635,0.69881,2.0977,6.7723,0
143.33,3.5742,7.6311,5.4147,4.146,1.9978,1.2879,2.4795,3.176,11.266,3.4672,0.84062,0.18675,0
118.2,6.068,1.399,6.0352,5.6979,4.1206,4.5099,3.1464,2.4864,1.6607,5.6418,1.9349,2.4824,0
103.73,5.2221,3.0197,3.0628,3.6107,22.819,9.3012,3.7445,17.938,0.90583,3.0776,14.152,6.0916,0
78.881,9.8153,5.9303,10.798,6.3175,6.1477,1.0706,2.7834,11.332,9.3975,2.744,10.301,4.9679,0
44.178,3.8861,8.7547,13.928,12.599,9.1536,12.58,4.9477,2.8339,2.3762,2.2225,2.5959,2.2821,0
103.77,17.923,10.267,1.9023,4.4688,9.8622,6.2817,4.596,2.2871,2.7289,4.4511,13.352,5.0583,0
74.864,3.8246,9.7795,2.2562,6.1379,4.4406,10.686,10.763,4.68,2.3928,2.2657,9.5093,26.324,0
69.887,3.7088,16.657,5.4058,21.395,17.322,8.8603,0.7983,11.879,5.4317,1.2826,4.3099,4.5517,0
61.739,1.4553,6.2712,8.8792,5.1947,4.1537,9.726,7.2466,5.7173,2.7843,14.279,2.2612,2.8946,0
76.226,5.6026,13.096,2.5882,3.4395,2.4993,3.0016,12.866,6.5293,4.1615,0.96546,10.847,4.1606,0
121.49,8.5831,9.7883,5.0934,2.4621,2.2032,13.613,9.56,2.9389,6.361,4.5025,4.1671,17.006,0
90.978,1.261,17.995,12.69,13.567,10.041,22.513,9.0698,7.6363,4.9702,10.962,2.4774,5.3287,0
61.105,3.2633,8.8162,17.547,2.7421,11.094,1.921,14.563,13.568,2.5571,8.7883,14.601,7.6528,0
42.684,12.436,1.5101,34.392,7.0281,6.9136,12.304,18.061,6.0248,8.5776,12.792,2.3317,7.5298,0
29.088,11.522,3.8038,0.013756,8.476,6.6232,14.325,13.853,0.3893,7.2108,2.8093,5.1363,20.322,0
80.452,14.335,18.314,12.388,39.013,3.254,15.502,2.0179,12.419,2.1876,0.68263,21.396,3.4955,0
54.272,17.896,10.604,14.818,2.7237,18.174,17.742,7.1164,5.0448,4.3865,2.3304,6.8894,10.927,0
75.509,1.3059,9.4242,35.757,18.374,19.788,5.4485,10.653,16.186,7.7174,7.3537,12.017,30.273,0
48.764,1.9359,23.655,20.157,9.4883,1.354,9.9828,19.252,8.4285,19.811,6.759,9.5159,1.4025,0
59.519,6.5136,30.344,23.489,2.3393,16.421,15.407,4.9901,15.301,2.3481,4.4136,1.3276,12.601,0
84.757,33.229,3.9457,10.844,2.751,8.162,41.586,12.346,14.548,4.3893,0.88639,19.316,2.2461,0
122.55,15.05,28.69,19.535,16.718,11.961,1.6885,16.721,4.9135,1.5284,11.636,9.7811,9.8782,0
97.356,23.897,19.478,17.291,13.591,4.6389,3.4944,9.0402,6.2216,7.2105,6.3463,3.2823,6.62,0
132.29,1.1869,0.35671,16.268,22.525,25.007,25.9,2.8362,23.744,14.214,10.515,6.9418,4.0349,0
104.36,7.6423,2.3493,9.7424,2.525,2.915,26.364,1.0101,12.567,14.816,1.5768,2.5566,1.5972,0
92.089,9.4811,12.007,5.7782,1.4589,3.724,3.4757,1.593,5.6262,1.6741,5.4331,1.9441,6.7153,0
108.74,4.5573,1.544,42.795,10.091,2.0851,27.462,3.2837,6.0483,0.81808,12.933,0.74774,2.5199,0
118.09,15.369,5.4921,5.7474,13.743,18.73,14.412,3.5512,8.6694,13.353,5.5049,11.158,3.5392,0
82.486,6.8626,1.7828,1.0116,4.3285,11.9,11.511,14.495,1.1368,10.609,4.1505,5.41,0.71352,0
124.76,36.163,20.536,11.463,1.839,11.766,3.2986,9.905,1.8488,13.08,1.491,8.2019,1.1188,0
126.39,4.021,9.0977,13.716,11.137,13.377,18.062,18.354,14.047,24.626,4.9025,17.925,3.1074,0
111.3,3.09,6.0366,17.239,0.56362,6.1109,28.04,10.041,1.3297,17.199,10.231,0.38442,9.1285,0
121.69,7.2512,10.532,20.585,23.015,16.017,11.925,19.688,11.471,11.671,20.858,2.9589,16.698,0
109.61,16.862,26.354,16.819,18.142,15.652,17.752,4.4397,8.2217,15.443,11.267,13.925,9.3843,0
117.58,12.878,19.994,17.871,1.7907,38.154,4.1436,3.9704,11.209,3.9162,5.437,6.6797,5.6513,0
127.52,22.414,12.007,2.4509,9.1487,14.915,6.7702,0.36379,11.679,8.1002,20.357,9.4958,0.73039,0
165.24,2.1986,10.411,8.4901,23.508,10.577,18.883,19.385,6.0191,26.53,20.107,12.725,19.449,0
124.46,18.305,16.064,15.658,10.885,25.068,7.1257,12.545,22.97,7.6575,8.1595,21.889,2.5935,0
131.6,27.345,13.849,15.154,9.1487,8.1833,5.6439,10.953,8.8581,21.627,1.4573,7.158,4.9436,0
113.65,13.023,3.842,24.909,15.481,6.657,18.208,22.305,1.4598,8.9389,2.9968,3.2695,0.39605,0
130.04,1.6441,6.2137,22.078,8.8384,6.1075,15.916,1.4874,6.3161,16.017,4.0043,3.4582,4.0057,0
144.34,18.12,1.3729,1.9853,17.201,8.9683,16.151,7.059,4.9026,18.381,7.0913,9.3446,4.1928,0
111.44,1.7068,8.0039,18.976,5.8293,12.947,7.4917,1.2645,8.3817,3.5224,12.19,8.1276,0.10006,0
134.69,3.7923,1.7216,17.749,3.8007,0.24778,8.7025,8.193,1.5717,0.70094,18.368,6.7133,0.063948,0
137.96,2.3028,9.0439,34.363,16.047,6.8126,19.734,24.393,1.2738,0.50276,2.1932,9.287,1.7297,0
118.59,24.198,9.4243,23.247,13.839,15.569,10.927,15.889,7.743,8.9597,2.7688,1.9966,6.0002,0
128.42,10.13,15.86,4.3739,18.318,23.101,10.013,9.3828,17.081,22.222,25.351,5.0523,21.784,0
34.754,1.1528,3.6483,9.4307,1.9489,3.2683,5.2184,11.776,8.8932,0.8022,2.0981,5.816,1.4916,0
42.786,9.6289,9.2552,3.5941,10.014,4.9767,5.1863,9.8755,8.1771,7.4307,5.858,0.61824,3.0994,0
64.137,3.7295,10.162,20.967,17.959,5.2959,5.4369,12.204,8.4262,4.65,6.3981,13.339,17.911,0
61.794,24.358,6.8832,0.4154,4.3008,0.32954,33.914,6.2672,1.5371,2.6778,6.4614,6.115,1.1462,0
53.953,9.4982,2.1823,7.6473,9.096,5.2078,6.0952,15.673,0.85531,3.6667,5.2372,1.7419,3.8569,0
66.596,0.6816,4.0042,5.5631,4.7374,6.8571,10.167,14.59,2.8711,9.8789,19.744,14.325,6.0394,0
53.62,12.25,12.373,26.761,18.714,7.4473,8.1827,6.1079,1.3037,4.9754,1.0537,4.1122,4.612,0
41.924,0.50938,0.16783,10.145,9.5616,5.7587,14.517,4.2967,9.9092,7.9854,5.2973,1.4675,6.3488,0
67.89,11.897,0.8443,11.823,16.215,10.202,11.432,3.7454,3.8896,9.262,13.556,17.709,3.7566,0
67.872,10.421,14.289,3.9605,2.7964,8.5251,13.987,6.7765,4.3911,0.035338,13.984,2.8586,11.251,0
73.532,2.9217,13.269,14.175,2.9927,21.371,7.494,18.752,9.822,16.716,12.521,5.3386,4.4106,0
49.35,6.6605,6.9179,15.734,5.7861,2.1447,9.4646,8.9401,4.7384,11.852,4.32,16.475,7.7765,0
59.172,17.048,1.4647,6.4438,10.456,18.072,15.057,4.3282,4.697,4.6299,7.6373,1.4849,4.3178,0
58.094,18.303,12.835,0.54062,5.8451,9.2317,10.54,9.0476,8.2006,0.76353,7.4598,0.90466,5.715,0
52.012,5.9427,9.5484,2.2883,10.8,11.551,2.1403,3.5588,4.458,4.0753,9.7929,7.924,10.174,0
60.685,2.6977,4.9808,6.5442,2.4308,7.8047,7.9643,3.9475,14.125,6.9194,6.6957,11.312,4.2495,0
39.696,1.9716,0.15702,11.438,12.521,5.4581,10.584,7.3769,2.4346,2.7141,6.0053,5.0086,1.7383,0
49.437,6.7431,1.6166,2.5602,6.4203,9.4619,3.9916,5.0243,1.5093,0.44362,5.7486,13.007,1.2457,0
43.104,7.9272,3.2483,16.228,15.672,10.805,10.124,4.9657,8.8845,10.201,8.952,1.0064,2.3256,0
65.495,2.4691,5.3179,13.512,12.91,6.635,6.2625,6.2697,13.36,7.1329,3.5684,9.9843,5.981,0
48.299,0.85544,5.2332,7.8835,5.2021,1.5991,2.476,6.3138,17.614,8.8667,13.852,2.185,1.8562,0
43.535,4.1773,6.8097,1.4125,0.70292,3.924,13.593,1.2085,3.5613,9.8955,1.2208,2.0706,7.2195,0
41.839,11.324,0.38555,2.5549,1.1295,0.82587,4.0068,4.6718,5.6244,6.2074,6.1735,3.012,2.1466,0
60.074,13.184,14.836,16.705,7.3675,7.2137,8.4606,10.417,3.1115,8.934,8.3911,7.6858,1.4787,0
61.539,0.048736,3.1668,3.1027,12.335,11.781,2.9564,17.494,9.2064,11.696,0.97871,8.2706,0.85503,0
46.066,7.1373,32.108,3.2912,11.463,7.1591,11.275,7.9798,2.074,3.815,8.3981,2.8678,0.53997,0
60.422,8.9591,17.665,19.283,3.6943,22.128,4.3602,4.4406,3.1699,12.3,6.6774,16.902,3.0848,0
72.829,17.442,5.7583,5.7486,1.2438,5.9588,4.8473,8.4105,15.157,16.989,13.671,15.289,3.7312,0
62.79,18.942,10.278,13.437,0.02099,15.98,13.724,0.61532,4.2736,8.749,7.2155,2.686,3.2562,0
52.506,6.23,14.449,6.7708,12.861,11.109,10.004,3.2504,1.4937,4.3008,7.5108,16.103,3.1347,0
61.255,8.7929,5.6567,12.768,0.42504,5.9074,16.711,8.2622,2.524,13.531,1.8911,3.7636,1.3056,0
97.87,1.4924,8.1943,5.5738,5.3559,9.668,0.92848,4.4962,11.294,4.6795,3.3244,0.8965,0.24,0
83.236,4.964,3.8348,8.8796,14.116,9.3065,5.8191,25.571,3.5314,11.505,1.1796,17.406,2.2466,0
110.65,4.5754,1.2734,18.184,9.4737,2.9208,17.878,17.084,13.253,4.9125,13.888,18.206,8.6163,0
70.484,2.731,3.8045,21.333,11.091,3.1567,21.578,17.083,8.2498,8.0787,19.405,9.3171,6.2959,0
81.568,10.087,9.9478,15.991,11.257,4.9509,10.439,3.2139,0.43378,3.369,8.1249,5.6333,1.2622,0
93.512,8.4758,1.6955,5.8901,5.3771,18.45,6.4995,4.8604,10.159,11.713,14.298,0.056948,5.4891,0
75.227,9.5761,20.415,0.39917,17.697,3.5792,0.66941,20.889,5.1915,8.8141,3.21,13.563,6.8111,0
73.646,0.31903,16.158,0.12856,18.621,0.82352,4.4283,8.1495,0.95346,1.4189,1.3038,15.52,4.4114,0
81.955,10.955,0.5434,6.581,3.2955,6.5729,8.2219,2.4743,5.8993,14.802,17.128,13.886,4.2167,0
59.336,4.5695,0.68228,5.7286,6.6767,5.5776,0.58972,8.9025,3.7502,6.0869,11.314,1.9528,1.5827,0
57.352,0.87561,5.3922,3.4497,5.4112,5.2321,16.772,1.5367,0.29318,0.053333,12.581,3.5521,2.5904,0
43.353,12.832,10.268,2.7042,8.5159,5.5286,4.0998,13.271,1.8991,0.98728,10.605,2.4513,14.939,0
59.414,1.2926,2.7182,11.615,0.5853,4.0127,4.5413,5.502,17.848,7.2991,6.6434,4.3738,0.63595,0
78.053,1.2571,0.26796,7.1622,4.8109,2.4727,11.454,4.391,1.2575,0.9913,6.5395,9.0389,7.8772,0
91.11,9.9149,9.6721,0.90103,4.1481,5.6149,12.096,14.383,1.7688,2.7152,4.3378,6.1432,18.378,0
53.325,12.158,2.1571,13.784,9.4426,11.54,7.2141,14.221,9.2802,6.4016,2.8735,2.1541,5.5458,0
47.252,1.6376,17.519,1.4105,7.2687,0.45804,11.641,1.0018,0.42119,2.821,5.4151,3.4458,9.5583,0
90.962,9.2561,0.88141,4.0692,21.507,3.0418,2.4778,1.0423,9.1826,6.1801,13.519,8.8421,7.7164,0
73.757,5.1613,2.4559,1.8063,0.32036,12.563,4.1288,6.2712,14.32,6.6527,5.1162,9.5626,0.37936,0
195.67,21.373,4.2951,5.5972,5.6605,8.6089,3.179,28.507,7.6532,10.042,19.629,10.899,12.225,0
157.6,12.375,39.357,1.5292,33.293,14.026,7.4589,3.4608,12.634,7.288,5.2325,13.275,8.8693,0
161.07,12.499,17.095,1.1897,13.952,10.485,3.2427,18.4,21.7,10.754,1.8794,4.0902,5.5313,0
276.13,5.0581,5.6635,3.2702,33.032,0.688,35.572,3.5289,2.4489,14.994,1.8684,5.7603,6.114,0
194.83,10.802,16.082,3.1875,12.788,6.5192,5.4844,17.526,0.96913,12.086,7.0323,5.6676,8.6282,0
156.51,24.168,4.574,22.955,2.1696,11.902,25.318,13.518,10.398,7.5349,12.963,7.4614,0.49706,0
152.45,17.296,0.39114,20.285,5.6338,15.943,16.589,14.077,16.648,6.2084,4.9607,12.612,11.345,0
177.3,12.096,3.9942,10.624,5.6684,8.2168,1.1831,17.099,6.2563,36.655,11.347,11.656,1.7544,0
127.75,8.0307,14.284,0.44964,10.365,1.6675,12.066,3.8057,14.946,9.6206,19.844,1.7318,6.7304,0
112.26,14.319,6.1465,10.132,18.108,10.808,14.138,10.844,2.7618,7.0458,0.4391,7.2928,2.569,0
138.12,18.309,20.717,5.3189,15.486,3.004,3.5357,11.97,1.3789,19.19,4.54,8.3859,12.446,0
153.96,8.1187,4.9425,0.93086,22.174,6.9915,8.6525,9.4352,16.247,6.034,4.4194,9.9027,6.629,0
123.06,2.2654,3.2673,12.717,3.6581,10.393,19.697,7.5205,1.7467,21.169,9.8317,2.3722,7.6604,0
197.48,14.646,10.363,17.044,4.4095,30.819,0.15712,33.558,13.773,11.823,6.5421,17.024,17.348,0
216.18,14.096,0.33825,5.3467,3.3424,12.959,19.123,1.2644,8.3611,0.60291,4.4054,10.633,1.2097,0
194.02,3.7171,3.319,6.2359,0.46595,4.7889,4.938,14.925,1.4499,12.89,4.5215,3.2811,9.9246,0
140.97,6.1507,7.2197,5.7362,5.6121,18.333,7.8755,8.4095,11.481,11.198,11.996,7.5558,3.467,0
158.84,7.4699,27.264,0.23277,7.9495,14.808,8.2801,27.395,0.7625,5.7718,14.026,2.0998,10.879,0
149.24,25.179,14.08,26.1,35.313,21.43,7.9531,40.477,6.279,4.1625,5.3871,3.8233,12.216,0
154.86,18.063,7.8874,12.997,2.1254,17.404,23.682,8.9354,34.011,11.159,2.362,1.799,8.8049,0
131.25,3.5683,2.0156,12.641,0.36137,5.3874,1.2599,1.2454,10.54,1.1952,8.412,5.4236,5.6582,0
107.41,15.801,6.1922,14.337,18.659,14.125,9.3552,43.255,24.348,1.8738,15.719,8.5756,1.7111,0
93.187,12.661,2.7074,1.4466,4.1376,11.804,3.2454,19.832,25.012,8.7705,8.0979,8.1786,14.121,0
119.79,26.874,14.774,0.72836,0.26573,7.9783,11.837,25.119,9.5493,19.518,21.583,0.21352,12.231,0
102.64,2.5461,17.065,10.097,0.96723,12.471,2.5194,14.248,5.1446,9.7382,11.223,12.849,16.626,0
146.03,0.29542,6.5307,12.153,9.0494,13.858,14.948,10.451,15.843,27.114,2.0783,32.204,1.4467,0
95.221,8.9795,0.3431,5.6327,4.5553,20.621,5.4761,1.0257,4.785,0.48757,15.802,5.7444,1.9926,0
89.53,5.4091,20.152,13.181,1.0403,19.21,2.7561,7.4341,10.292,15.691,2.3946,2.9703,2.9607,0
96.185,20.349,9.7951,10.183,28.243,9.0192,14.358,11.832,12.649,7.8874,16.465,4.1377,5.9253,0
130.1,9.8285,29.394,0.1942,17.108,2.561,3.9311,24.748,7.8895,9.8608,11.842,3.4085,29.604,0
109.71,8.6402,21.786,2.6216,27.196,18.134,13.329,6.9133,14.588,9.7611,11.603,3.9743,7.7994,0
84.813,7.5212,15.576,6.7213,22.538,23.051,14.702,10.271,10.341,0.79477,27.431,3.3796,9.4461,0
85.909,9.4711,0.98345,4.6397,10.348,4.5286,11.005,22.443,13.531,4.568,5.4002,3.5952,8.4476,0
96.688,6.7836,17.063,9.9881,10.536,7.4628,0.20256,3.7606,8.3162,13.103,9.6066,4.9608,0.37378,0
137.71,10.762,4.5482,1.2971,24.693,10.68,10.469,23.297,9.8981,10.727,28.718,31.625,4.1618,0
96.043,4.248,7.5955,4.118,8.1285,9.712,17.496,23.517,20.281,7.5287,2.5723,2.1129,6.8009,0
78.778,0.43386,7.8948,13.849,3.5264,4.7517,4.3431,8.1202,14.995,3.2952,7.7551,8.4799,3.1545,0
119.44,15.41,1.4168,10.533,20.372,3.6109,29.013,7.924,1.7614,11.344,13.693,17.455,31.582,0
98.957,17.135,1.1776,7.8785,13.049,18.552,9.0323,11.82,8.1208,12.68,16.702,4.6035,13.99,0
77.954,1.2745,5.988,11.627,8.8395,9.0451,3.2351,13.012,3.9646,5.0381,3.9237,2.8543,8.5161,0
83.457,1.3295,11.988,1.3842,8.3501,7.1576,7.9104,0.38282,9.8214,0.99043,1.9495,9.054,11.617,0
105.26,21.444,3.7794,2.8759,10.546,21.943,15.57,11.019,0.40128,11.326,3.6166,3.189,2.0141,0
47.314,8.0312,14.945,6.3465,3.3968,13.101,19.088,17.173,12.119,15.294,17.297,21.824,19.067,0
58.778,5.2326,6.8655,32.052,18.071,4.4599,22.797,8.7971,4.1206,4.9938,8.6899,5.3673,7.5288,0
69.558,10.989,16.259,7.3748,7.7988,5.5944,2.3205,1.7131,8.5447,10.516,6.0695,14.132,7.9688,0
97.929,5.6623,10.173,7.4756,2.5087,11.351,2.6543,5.1091,11.212,10.097,6.1006,4.9333,2.2227,0
113.45,6.9344,12.795,3.5627,3.6588,2.8402,3.9376,3.2097,5.3818,5.7673,18.625,4.4221,2.1803,0
127.05,6.4696,20.67,13.318,9.5013,13.485,5.5892,11.317,2.852,0.58959,3.1653,3.4327,8.3639,0
121.32,4.6994,17.26,6.9611,5.3269,3.7462,18.082,1.866,6.864,6.7811,8.6399,3.3805,3.2282,0
102.58,3.7598,4.5256,11.175,13.362,6.4379,11.873,5.4839,9.111,7.4021,8.4942,2.9556,0.28022,0
89.978,3.9997,10.323,9.7291,4.4792,22.445,30.337,9.0442,14.352,10.953,8.057,8.5685,7.7069,0
70.395,5.6009,6.7649,5.1634,0.25347,4.2274,4.6935,6.3428,5.9868,1.2534,1.8513,8.4068,10.688,0
74.514,0.91685,1.1842,3.4072,0.36333,14.256,13.496,2.2937,7.1771,3.2743,6.6911,4.7826,7.5166,0
69.628,1.6264,8.5199,8.9261,2.7366,11.135,8.6554,0.87774,8.2844,5.1627,3.6108,11.073,1.7513,0
70.163,6.9039,2.0987,13.322,14.859,1.038,4.6911,6.7033,12.214,0.76067,4.9161,10.527,1.4596,0
78.334,15.106,3.061,8.3442,0.022592,11.957,4.1376,3.07,11.263,3.5601,1.7669,5.4471,0.39028,0
54.387,16.497,1.3608,3.0133,1.1529,2.8841,5.69,3.8695,4.6887,5.5279,5.8686,3.9288,3.85,0
67.235,4.174,4.5815,9.5661,10.023,16.162,0.3304,23.162,6.1118,14.061,7.8376,5.1956,2.9441,0
62.668,9.2357,14.904,4.2213,9.8468,4.0566,1.4796,3.3822,4.9034,0.38102,6.8456,2.2164,2.3479,0
99.246,15.504,1.6121,4.4919,1.4517,15.032,8.8412,0.5688,2.64,3.4541,15.666,2.2319,5.2998,0
58.103,1.8872,0.77417,9.5915,6.6469,5.498,19.424,18.573,6.2492,2.5422,13.426,6.6308,0.21051,0
72.65,4.9002,6.2968,6.4643,3.3767,12.919,8.2476,13.095,2.306,1.9596,11.641,8.0564,0.96281,0
144.88,3.2087,20.41,1.0454,5.3499,10.324,7.2537,4.5549,12.293,13.082,6.3293,0.27444,5.0735,0
165.72,15.19,11.405,1.7005,22.981,10.065,7.6202,3.5284,10.137,14.903,3.6678,2.0769,3.477,0
182.17,6.9431,20.873,0.63758,2.4322,6.2763,2.6491,1.0449,20.176,27.247,11.433,3.6463,12.355,0
139.59,2.3556,5.6806,0.51859,9.7362,8.1171,15.925,18.165,12.095,1.9354,2.1612,0.13325,11.372,0
152.75,10.956,25.405,0.8097,14.077,9.3131,6.7843,1.5596,23.971,36.813,1.9713,7.9522,10.112,0
125.08,1.7234,22.274,13.99,12.683,0.47713,3.538,1.073,1.1049,0.0021286,6.3972,12.324,2.2144,0
78.14,17.586,23.081,20.24,0.84779,9.0885,1.8264,0.71303,1.8716,3.5304,9.1259,8.7827,2.5211,0
124.17,9.4974,19.992,11.636,4.3991,0.35595,9.3579,32.177,15.285,18.511,27.128,2.5542,1.8332,0
125.2,12.918,0.65734,6.7171,14.313,8.727,5.2132,5.714,0.48378,4.7334,0.21332,18.233,23.639,0
116.27,7.1503,29.588,5.6713,10.586,14.269,1.0872,6.1994,4.9701,1.4045,4.2915,6.905,3.9812,0
104.69,9.3356,2.0626,7.2033,7.8417,3.439,17.655,4.9122,5.4181,19.367,10.77,0.23549,3.9167,0
165.79,6.3967,21.697,24.971,23.838,9.6407,7.482,5.7749,3.8496,1.1392,0.39622,18.208,4.3257,0
140.37,4.8785,28.182,20.172,0.053002,7.8664,15.778,9.5289,27.263,4.1725,10.744,14.121,3.3391,0
120.58,5.522,19.856,19.113,15.768,11.545,12.72,10.806,5.4539,19.934,0.25319,5.1858,13.695,0
122.19,2.0055,29.303,25.539,11.619,3.3223,21.45,19.646,5.2619,11.574,5.3191,1.3741,13.267,0
111.37,3.6561,7.2635,13.294,1.4832,21.616,12.353,5.2393,18.104,28.062,7.5798,18.847,5.3738,0
92.643,14.311,1.8943,10.963,9.9869,17.322,20.348,8.7201,5.9366,2.2088,3.5487,9.4577,0.48843,0
43.738,3.6542,2.9045,6.8579,1.7361,1.0185,6.5115,5.3675,10.61,8.6452,9.0895,5.2164,7.8033,0
36.937,9.8645,10.206,5.6825,6.5393,3.4043,5.9045,7.3984,15.553,4.3577,5.4082,2.3742,1.3933,0
46.234,11.635,1.4291,2.6671,8.1319,0.36627,1.267,8.126,13.295,4.9458,9.3666,7.3613,3.1363,0
50.403,1.0843,12.37,8.3357,2.954,16.749,10.86,13.944,5.6282,0.77967,4.1567,2.5757,5.7288,0
114.06,4.3213,3.9032,4.473,29.43,10.914,13.177,18.509,3.1158,15.589,2.91,6.1101,2.6118,0
74.305,5.2349,6.7349,24.426,17.11,16.052,13.289,3.8015,2.8408,0.65227,5.304,6.8976,1.4071,0
89.075,4.5592,4.8197,7.9114,9.6651,6.9672,23.944,8.0748,2.0058,7.2614,9.9791,9.0301,8.6163,0
119.04,14.875,0.73968,14.288,5.6959,1.9007,12.528,1.048,17.449,6.6223,5.9193,13.577,13.03,0
69.819,3.2722,15.204,5.9298,4.9638,1.4821,6.149,6.2573,15.689,1.6773,8.4567,2.8197,8.8025,0
80.214,9.469,3.7131,1.7545,22.176,3.6563,1.0533,3.8306,2.6767,7.7527,13.951,8.9723,6.8383,0
242.42,0.54981,10.894,5.8058,3.3756,3.5493,0.48768,11.592,8.8952,9.5879,0.65825,2.7182,7.0351,0
103.23,23.44,2.6515,0.054007,6.4161,0.44917,0.92713,5.6906,1.1656,6.6616,8.0315,5.0219,0.84628,0
136,0.27868,4.8161,0.70473,15.333,12.654,10.777,14.766,12.98,7.1655,2.9366,6.1211,5.437,0
83.737,7.1552,8.9477,4.9934,0.98847,11.263,3.3325,0.51808,2.6748,12.464,3.4444,10.829,1.6646,0
116.42,1.0771,12.674,8.7706,3.1313,8.1776,9.9506,11.641,16.619,6.816,12.096,2.9097,7.6544,0
151.6,18.174,5.5289,18.886,3.1314,20.447,4.974,7.99,10.259,1.4133,10.441,2.4485,12.021,0
131.05,5.799,0.5166,3.2919,9.5683,5.93,9.2031,9.1343,8.9769,7.4643,20.342,4.9136,5.9343,0
189.41,1.6825,9.8993,11.652,5.6001,12.418,9.6181,5.103,0.4927,7.7526,6.4856,7.7978,17.615,0
159.96,7.6881,5.8462,15.955,6.4677,7.1675,12.483,15.581,8.0509,12.532,9.5468,2.1767,6.0878,0
206.7,13.937,1.2218,6.7962,1.1787,20.022,3.7754,4.1318,22.151,13.48,2.632,15.586,12.804,0
143.4,5.6973,16.493,14.972,7.6346,18.553,6.3939,33.284,6.6132,6.7366,8.3018,1.6832,0.86309,0
114.27,4.4642,10.844,21.689,14.541,28.43,0.30582,4.2172,13.651,17.377,9.2633,0.71891,9.9774,0
149.9,2.1358,2.0733,7.0095,18.689,6.3004,13.594,13.89,18.546,12.766,24.225,26.723,5.6623,0
140.46,38.058,13.935,8.8256,5.3859,19.311,17.324,8.4628,21.041,6.44,18.041,18.167,14.301,0
91.973,2.2099,7.9985,14.328,7.2919,8.5639,11.151,5.8329,23.707,1.3893,27.344,15.753,2.7593,0
119.9,0.097772,10.861,9.0829,11.832,9.8245,30.755,18.114,30.068,10.327,6.8126,11.249,19.437,0
135.08,11.898,8.0691,23.371,10.606,18.241,1.3199,8.5274,16.066,5.8232,22.658,5.2815,5.4418,0
103.57,18.828,11.668,17.396,1.5032,12.356,3.1212,5.1705,7.6356,6.8286,2.0938,3.747,2.0346,0
117.91,1.6235,14.683,3.3083,8.0189,10.432,10.014,7.4589,12.976,8.3812,10.831,6.2688,3.0259,0
198.1,2.3763,18.44,1.4554,13.656,5.7107,11.366,25.935,13.903,3.9912,7.0393,12.622,5.0726,0
137.33,31.58,11.589,5.3854,4.2906,6.6198,8.5276,2.6579,4.8518,5.0239,10.833,18.202,20.011,0
125.46,15.335,28.415,16.122,16.331,12.699,8.6896,3.2547,6.834,14.382,21.353,2.1969,9.2844,0
85.668,2.1063,13.606,13.503,12.35,7.542,10.882,5.2249,1.323,1.4106,7.2089,4.5225,6.8634,0
133.99,0.091497,6.2216,5.8693,0.88831,5.1783,9.5888,5.9448,13.362,0.82101,1.0287,9.4715,5.3783,0
93.903,8.9232,18.313,0.82693,2.6666,20.036,16.165,4.5357,1.0215,5.4274,6.4574,0.17083,10.319,0
107.93,8.5819,9.6538,8.6528,3.1751,20.875,4.5909,6.9086,8.7161,7.6231,4.704,9.9101,4.5643,0
110.84,8.9298,4.5943,4.0303,7.3747,4.7166,7.256,14.833,4.4144,12.959,1.5514,2.8424,2.0814,0
96.068,16.128,9.7442,22.464,5.9518,2.255,8.6615,9.4316,2.925,3.799,3.8884,7.2684,3.8507,0
136.32,8.6472,5.8076,1.6292,5.875,0.60474,6.4029,1.6244,14.576,10.058,11.15,11.201,7.6973,0
125.67,16.504,3.0229,16.084,10.221,1.5041,2.4856,5.6379,3.2037,2.708,0.89387,7.1806,1.8892,0
109.78,8.5221,14.729,9.3053,22.462,4.3311,16.977,8.533,10.645,3.5758,11.706,2.4458,14.314,0
159.71,23.969,16.773,1.9097,20.007,10.037,7.7997,36.783,38.781,15.85,2.2669,2.4341,18.822,0
112.83,0.039083,7.883,24.163,4.7875,31.355,5.9589,3.9814,22.844,2.4528,18.7,10.258,10.317,0
88.367,5.169,25.261,22.309,13.71,6.2054,7.3339,13.028,6.8901,3.6758,18.284,11.101,11.044,0
80.412,4.9018,14.118,15.319,14.223,5.645,0.34653,0.67313,24.741,16.081,2.1985,1.1819,7.0697,0
120.1,1.6312,0.44599,2.9322,0.81563,7.6267,18.172,13.76,25.656,2.8887,6.2468,5.1694,0.91464,0
88.861,11.81,3.3427,11.354,6.7491,3.4932,12.108,0.31269,1.268,14.316,2.9543,8.7108,3.5017,0
134.91,0.34791,0.13124,2.6246,20.777,12.175,17.921,2.1449,12.624,0.84554,20.06,16.19,15.373,0
131.24,1.7314,1.796,13.485,1.5285,13.502,3.6778,12.745,5.1819,8.2158,9.1761,3.5651,6.1294,0
76.454,10.96,9.4115,6.1151,9.1291,1.4158,7.6173,3.0499,8.2778,14.534,14.564,1.8244,9.3308,0
126.88,6.8392,3.326,16.228,12.517,5.2689,3.9673,26.272,22.77,7.6023,9.0747,0.67673,15.32,0
129.79,1.1108,5.2056,1.029,9.1561,21.52,15.159,5.0621,12.743,21.362,26.047,9.5707,3.2585,0
82.551,1.4948,14.991,6.8638,3.8594,0.46882,30.107,1.556,20.914,11.175,0.91616,5.0307,6.1667,0
133.98,33.759,4.4715,1.5492,24.011,0.68104,15.289,7.0764,6.4378,11.264,7.7453,6.0295,16.46,0
111.64,2.2294,16.551,10.874,14.441,11.067,11.764,4.5533,15.279,3.062,0.5995,17.659,6.568,0
95.592,18.365,4.653,20.559,13.261,0.75435,2.9875,3.4247,0.86258,1.7546,11.064,11.942,1.0053,0
95.695,13.934,9.2637,9.1076,16.283,3.6837,1.8552,9.8446,9.0079,16.385,9.5769,7.0153,4.0923,0
69.869,11.151,0.20795,6.0413,5.2981,4.039,15.123,16.182,3.3951,6.3534,17.198,1.1392,5.4865,0
89.184,15.435,5.8149,20.874,0.5546,7.8447,23.59,2.8005,0.74194,15.856,7.3469,2.4099,17.079,0
98.55,4.6331,8.1385,5.5409,6.0937,7.5575,3.3813,8.1682,14.602,3.5005,7.2803,5.0265,2.2864,0
63.64,16.288,7.6062,14.195,16.324,7.6481,7.607,4.068,6.1274,2.0695,5.6524,6.8729,6.9374,0
108.86,19.492,7.0038,12.296,5.1905,21.254,1.5679,2.513,8.3159,17.99,1.2085,12.638,8.8948,0
127.02,1.7951,7.3917,6.4503,5.7705,18.829,1.2242,13.038,17.042,28.227,3.1846,0.95748,3.7309,0
169.72,2.2523,9.4417,17.184,13.858,5.0585,16.184,4.1608,8.5085,8.854,0.68657,0.43906,4.5118,0
106.38,9.5673,10.793,1.2738,29.931,23.301,13.259,13.38,4.8204,16.954,8.5973,3.3702,4.9236,0
121.87,0.35663,20.705,17.367,25.984,34.097,1.2077,12.631,0.3358,14.169,19.342,30.185,3.5536,0
76.905,1.2684,0.60735,1.0944,7.5191,2.9696,6.9117,11.297,8.3411,0.15707,0.29466,13.19,15.586,0
39.462,10.227,5.228,5.5869,2.6277,4.3285,5.22,9.3075,3.5625,4.1465,2.6585,1.7899,3.9632,0
47.098,1.7638,6.3282,6.322,2.6454,0.2878,10.606,0.99905,7.2205,3.0756,7.9202,7.266,4.5218,0
44.554,4.7877,0.094647,12.434,0.19444,12.615,0.22929,14.876,4.7073,0.10146,2.5628,2.4927,0.53417,0
66.757,4.7655,3.4212,6.934,0.65936,7.3516,8.1215,7.9735,8.9735,1.9511,8.476,2.9778,3.7646,0
31.561,5.9892,3.4705,2.9904,6.6636,8.5558,3.8998,6.5491,6.8234,3.989,2.4553,5.4856,0.57308,0
78.798,10.588,2.3891,6.0479,3.3726,6.1146,1.776,7.4179,3.6225,12.575,0.93562,3.5478,15.122,0
54.559,9.3684,5.1857,16.359,14.082,0.96076,3.0392,18.37,8.8352,2.0913,2.2134,10.235,6.9213,0
52.161,7.31,16.248,11.184,4.9011,16.421,1.3769,3.5713,7.0944,10.765,1.476,1.1873,3.549,0
51.823,7.5128,13.062,3.5834,0.63917,11.466,4.0871,2.2451,6.4667,4.9574,5.2778,7.215,3.468,0
